aʊ̯ɡə,øːɡa
oːɐ̯,œːra
naːzə,nɛːsa
mʊnt,mɵn
t͡saːn,tanːd
t͡sʊŋə,tɵŋːa
lɪpə,lɛpː
vaŋə,ɕɪnːd
ɡəzɪçt,syːn
ɡəzɪçt,anːsɪktə
ʃtɪɐ̯n,panːa
haːɐ̯,hoːr
ʃnʊɐ̯baɐ̯t,mɵsːtaɧ
baɐ̯t,ɧɛɡː
kɪn,hɑːka
kiːfɐ,ɕɛːkə
keːlə,strʉːpə
hals,halːs
ɡeːnɪk,nakːə
kɔp͡f,hʉːvɵd
ʁʏkən,rʏɡː
baʊ̯χ,bʉːk
baʊ̯χ,mɑːɡə
naːbəl,nɑːvəl
buːzən,barːm
bʁʊst,brøsːt
ʃʊltɐ,skɵlːdra
aɐ̯m,arːm
ɛlɛnboːɡən,arːmbɔɡə
hant,hanːd
handflɛçə,hanːdflata
fɪŋɐ,fɪŋːər
fɪŋɛɐ̯naːɡəl,fɪŋːɛɳaɡəl
naːɡəl,nɑːɡəl
t͡seː,toː
fuːs,fuːt
fɛɐ̯zə,hɛːl
kniː,knɛː
oːbɛɐ̯ʃɛŋkəl,loːr
baɪ̯n,beːn
kœɐ̯pɐ,krɔpː
haʊ̯t,hʉːd
haʊ̯t,ɧɪnː
bluːt,bluːd
aːdɐ,oːdər
zeːnə,seːna
knɔχən,beːn
ɡeːhɪɐ̯n,jæːɳa
hɛɐ̯t͡s,jæːʈa
maːɡən,mɑːɡə
leːbɐ,leːvər
aːteːm,anːda
aːteːm,anːdɛdrɛkt
hʊŋɐ,svɛlːt
hʊŋɐ,hɵŋːər
tʁɛːnə,toːr
ɡəʃmak,smɑːk
ɡeːʁuːχ,lɵkːt
ʃlaːf,sømːn
tʁaʊ̯m,drømː
hɪməl,hɪmːəl
zɔnə,suːl
mɔnt,moːnə
ʃtɐn,ɧæːɳa
lʊft,lɵfːt
vɪnt,vɪnːd
vɛlə,voːɡ
vɛlə,bølːja
vasɐ,vatːən
ʃtaɪ̯n,steːn
boːdən,marːk
ɛɐ̯də,juːɖ
ʃtaʊ̯p,damː
ʁaʊ̯χ,røːk
fʊŋkə,ɡnɪsːta
fɔʏ̯ɐ,ɛlːd
lɪçt,jʉːs
ʃatən,skɵɡːa
vɛtɐ,vɛːdər
neːbəl,dɪmːa
neːbəl,tøkːən
vɔlkə,ɧyː
vɔlkə,muːln
ʁeːɡən,rɛŋːn
ʃneː,snøː
aɪ̯s,iːs
fʁɔst,frɔsːt
kɛltə,ɕølːd
hɪt͡sə,hɛtːa
ʁaʊ̯ʁaɪ̯f,rɪmːfrɔst
ʁeːɡɛnboːɡən,rɛŋːnbɔɡə
dɔnɐ,ɔsːka
dɔnɐ,dɵnːdər
ʃtʁøːmʊŋ,strømːnɪŋ
tʁɔp͡fən,drɔpːər
ʃaʊ̯m,skɵmː
ʃmʊt͡s,luːʈ
ʃmʊt͡s,smɵtːs
zeː,ɧøː
zʊmp͡f,trɛsːk
moːɐ̯,myːr
moːɐ̯,mɔsːə
viːzə,ɛŋː
valt,skuːɡ
hyːɡəl,højːd
hyːɡəl,kɵlːə
anhøːhə,højːd
anhøːhə,bakːə
bɛɐ̯k,bɛrːɡ
bɛɐ̯k,fjɛlː
ɡɪp͡fəl,tɔpː
høːlə,hoːla
høːlə,ɡrɔtːa
abhaŋ,slɛnːt
abhaŋ,slɵtːnɪŋ
kwɛlə,ɕɛlːa
baχ,bɛkː
flʊs,ɛlːv
flʊs,fluːd
uːfɐ,stranːd
kʏstə,kɵsːt
fɛstlant,fasːtland
meːɐ̯,hɑːv
bʊχt,viːk
bʊχt,bɵkːt
ɪnzəl,øː
bluːmə,blɔmːa
bluːmə,blɔmːstər
ɡʁaːs,ɡrɛːs
vʊɐ̯t͡səl,ruːt
baʊ̯m,trɛːd
ʃtam,stamː
ʁɪndə,barːk
ast,ɡreːn
t͡svaɪ̯k,kvɪsːt
blat,løːv
blat,blɑːd
bɪɐ̯kə,bjœrːk
kiːfɐ,talː
vaɪ̯də,piːl
vaɪ̯də,viːdə
tanə,ɡrɑːn
hɔɐ̯n,huːɳ
feːdɐ,fjɛːdər
fɛl,fɛlː
fɛl,ɧɪnː
flyːɡəl,vɪŋːə
klaʊ̯ə,kløːv
kʁalə,kluː
ʃvant͡s,svanːs
ʃvant͡s,ɧæːʈ
aɪ̯,ɛɡː
nɛst,reːdə
nɛst,nɛsːtə
baʊ̯,buː
tiːɐ̯,jʉːr
hɛɐ̯də,flɔkː
kuː,kuː
bʊlə,ɕʉːr
p͡fɛɐ̯t,hɛsːt
ʃaːf,foːr
ʃvaɪ̯n,sviːn
hʊnt,hɵnːd
kat͡sə,katː
bɛːɐ̯,bjœːɳ
aɪ̯çhœɐ̯nçən,eːkɔrə
ɛlç,ɛlːɡ
fʊks,rɛːv
haːzə,hɑːrə
maʊ̯s,mʉːs
vɔlf,varːɡ
foːɡəl,foːɡəl
ʃvaɐ̯m,sværːm
huːn,hønːs
haːn,tɵpː
ɡans,ɡoːs
adlɐ,œːɳ
ɛntə,anːka
ɔʏ̯lə,ɵɡːla
kʁaːnɪç,trɑːna
kʁɛːhə,kroːka
kʊkʊk,jøːk
ʃvaːn,svɑːn
fɪʃ,fɪsːk
baɐ̯ʃ,abːɔrə
hɛçt,jɛdːa
ʃlaŋə,ɔrːm
vʊɐ̯m,masːk
ʃpɪnə,spɪnːdəl
aːmaɪ̯zə,myːra
laʊ̯s,lʉːs
mʏkə,mʏɡːa
fliːɡə,flʉːɡa
ʃmɛtɛɐ̯lɪŋ,fjæːrɪl
beːʁə,bæːr
ap͡fəl,ɛpːlə
pɪlt͡s,svamːp
t͡sviːbəl,løːk
zaːt,sɔdː
kɔɐ̯n,kuːɳ
hɔʏ̯,høː
ʃaːlə,skɑːl
ɡʁuːbə,ɡruːp
falə,fɛlːa
ʃlɪŋə,snɑːra
ʃpuːɐ̯,spoːr
aʃə,asːka
dʁɛk,luːʈ
aɪ̯zən,jæːɳ
ɡɔlt,ɡɵlːd
zɪlbɐ,sɪlːvər
koːlə,kuːl
ɡlaːs,ɡlɑːs
leːm,leːra
zant,sanːd
mɛnʃ,mɛnːɪska
man,manː
fʁaʊ̯,kvɪnːa
kɪnt,bɑːɳ
jʊŋə,pɔjːkə
mɛdçən,flɪkːa
faːmiːliː,famːɪlj
ɡʁoːsfaːtɐ,mɔrːfar
ɡʁoːsmʊtɐ,farːmɔr
ɛltɐn,fœːrɛldrar
faːtɐ,fɑːr
mʊtɐ,muːr
zoːn,suːn
tɔχtɐ,dɔtːər
bʁuːdɐ,bruːr
ʃvɛstɐ,sʏsːtər
ɔŋkəl,mɔrːbrɔr
tantə,tanːt
eːəman,ɛkːta mɑːn
eːəfʁaʊ̯,hɵsːtrɵ
fʁɔʏ̯də,frøjːd
fʁɔʏ̯də,ɡlɛdːjə
ɡəlɛçtɐ,oːtløjə
ɡlʏk,lʏkːa
kʊmɐ,sɔrːɡ
vʊnʃ,ønːskan
lʊst,lɵsːt
ɡaɪ̯st,anːdə
ɡədaŋkə,tanːkə
ɡədɛçtnɪs,mɪnːə
fɛɐ̯ʃtant,fœrːstɔnd
zɪn,meːnɪŋ
zɪn,bətyːdɛlsə
ɡʁʊnt,ɧɛːl
ɡʁʊnt,ɡrɵnːd
vaːɐ̯haɪ̯t,sanːɪŋ
ɡəspʁɛç,samːtal
mɛɐ̯çən,sɑːɡa
ɛɐ̯t͡sɛːlʊŋ,bərɛtːɛlsə
naχʁɪçt,mɛdːɛlandə
nɔʏ̯ɪɡkaɪ̯t,nyːhət
naːmə,namːn
ʁɛt͡səl,ɡoːta
ʁeːdə,tɑːl
ʃpʁaχə,sproːk
ʃtɪmə,stɛmːa
vɔɐ̯t,uːɖ
t͡saɪ̯çən,tɛkːən
ʁuːf,ruːp
lɛɐ̯m,broːk
lɛɐ̯m,uːvɛsən
laʊ̯t,jʉːd
toːn,tuːn
liːt,sɔŋː
ʁuːə,ruː
ʁuːə,lɵŋːn
lɔʏ̯tə,fɔlːk
fɔlk,fɔlːk
aɐ̯baɪ̯t,arːbɛtə
ɡast,jɛsːt
ɡɛʃɛŋk,ɡoːva
ɡɛʃɛŋk,preːsɛnt
ʃpiːl,leːk
ʃpiːl,speːl
ɡəzɛlʃaft,sɛlːskap
hɪlfə,jɛlːp
fʁɔʏ̯nt,vɛnː
kaːmeːʁaːt,kamːrat
aŋeːleːɡɛnhaɪ̯t,æːrɛndə
aŋeːleːɡɛnhaɪ̯t,aŋːɛlɛjɛnhət
ant͡saːl,anːtal
aɐ̯t,ɑːʈ
aɐ̯t,slɑːɡ
ʃtʏk,stʏkːə
taɪ̯l,deːl
hɛlftə,halːva
kʁaɪ̯s,krɛtːs
kʁaɪ̯s,sɪrːkəl
kʁɔʏ̯t͡s,kɔrːs
kʁɔʏ̯t͡s,krʏsː
liːniː,lɪnːjə
ʃtʁɪç,strɛkː
abstant,avːstɔnd
ɛntfɛɐ̯nʊŋ,avːstɔnd
ɡeːɡənt,trakːt
plat͡s,platːs
ɔɐ̯t,platːs
ɔɐ̯t,stɛlːə
zaɪ̯tə,siːda
mɪtə,mɪtː
ɡəɡɛnstant,fœːrɛmɔl
zaχə,sɑːk
ʁant,ranːd
kantə,kanːt
ɛkə,vroː
ɛkə,hœːɳ
ʃpɪt͡sə,spɛtːs
ɛndə,ɛnːda
lɔχ,hoːl
vɪŋkəl,vɪnːkəl
mʊstɐ,mønːstər
ɡʁøːsə,stuːɭɛk
lɛŋə,lɛŋːd
høːhə,højːd
ɡəvɪçt,tʏŋːd
mɛŋə,mɛŋːd
haʊ̯fən,høːɡ
ʁaɪ̯hə,rɑːd
boːt,boːt
ʁuːdɐ,oːra
ʃlɪtən,slɛːdə
skiː,ɧiːda
laːɡɛɐ̯fɔʏ̯ɐ,lɛːjɛrɛld
last,lasːt
last,bœːɖa
ɡaŋ,ɡɔŋː
ʃʁɪt,steːɡ
nɔɐ̯dən,nɔrː
zyːdən,søːdər
vɛstən,vɛsːtər
ɔstən,øsːtər
hɔlt͡s,trɛː
bʁɛt,brɛːda
platə,platːa
ʃtʏt͡sə,støːd
ʃtʏt͡sə,støtːa
ʃtaŋə,stɔŋː
ʃtɔk,ɕɛpː
ʃtɔk,pɪnːə
ʃtaːp,stɑːv
ʁoːɐ̯,rœːr
haʊ̯s,hʉːs
haɪ̯m,hɛmː
oːfən,ɵŋːn
fuːsboːdən,ɡɔlːv
tɪʃ,buːɖ
ʃtuːl,stuːl
viːɡə,vaɡːa
bɛt,sɛŋː
ʁeːɡaːl,hʏlːa
kɪstə,loːda
fɛnstɐ,fønːstər
tyːɐ̯,dœrː
toːɐ̯,puːʈ
t͡saʊ̯n,stɑːkət
t͡saʊ̯n,stɛŋːsəl
daχ,tɑːk
laɪ̯tɐ,steːɡə
beːzən,kvasːt
ʃpaːtən,spɑːdə
ʃaʊ̯fəl,skuːvəl
ʃaʊ̯fəl,ɧʏffːəl
ɡaːbəl,ɡaffːəl
lœfəl,ɧeːd
mɛsɐ,kniːv
naːɡəl,spiːk
nɛt͡s,nɛːt
haːkən,kruːk
ɡʁɪf,tɑːɡ
ɡʁɪf,hanːdtaɡ
ʃlɔs,lɑːs
bɪlt,bɪlːd
fiːɡuːɐ̯,fiːɡɵr
pʊpə,dɔkːa
bɔʏ̯təl,poːsə
bʏndəl,bɵnːt
bʏndəl,knɪpːa
taʃə,vɛsːka
aɪ̯mɐ,hɪnːk
aɪ̯mɐ,ɛmːbar
dɛkəl,lɔkː
ɡɛʃɪʁ,sɛrːvɪs
ɡɛʃɪʁ,pɔrːslɪn
zak,sɛkː
tasə,kɔpː
tɔp͡f,ɡryːta
tɔp͡f,kasːtrɵl
kɛsəl,ɕɪtːəl
ɛsən,moːl
naːʁʊŋ,næːrɪŋ
ʃpaɪ̯zə,mɑːtrɛt
flaɪ̯ʃ,ɕøtː
ɡətʁaɪ̯də,sɛːd
ɡətʁaɪ̯də,spanːmɔl
bʁaɪ̯,ɡrøːt
bʁoːt,brøːd
ʃaɪ̯bə,ɧiːva
fɛt,fɛtː
bʊtɐ,smœːr
øːl,ɔlːja
zalt͡s,salːt
zʊpə,sɔpːa
hoːnɪç,huːnɵŋ
mɪlç,mjølːk
teː,teː
leːdɐ,lɛːdər
vɔlə,ɵlː
vɔlə,ʏlːə
ʃtɔf,tyːɡ
ʃtɔf,stɔffː
naːdəl,noːl
faːdən,troːd
knɔp͡f,knapː
knoːtən,knʉːt
faɐ̯bə,færːɡ
klaɪ̯dʊŋ,klɛdːsəl
hɛmt,ɧuːʈa
kʁaːɡən,krɑːɡə
ɛɐ̯məl,ærːm
hoːzə,bʏksːɔr
ɡʏɐ̯təl,bɛlːtə
mʏt͡sə,møsːa
ʃuː,skuː
ʃtiːfəl,støːvəl
ʁɪŋ,rɪŋː
bant,banːd
kam,kamː
ʃpiːɡəl,speːɡəl
ʁiːmən,rɛmː
ʃnuːɐ̯,snœːrə
laɪ̯nə,liːna
dɛkə,tɛkːə
kɪsən,dyːna
kɪsən,kɵdːə
tuːχ,ɧɑːl
hantuːχ,hanːdɵk
kʁaft,krafːt
ʃtɛɐ̯kə,stʏrːka
ɡəzʊndhaɪ̯t,hɛlːsa
kʁaŋkhaɪ̯t,ɧɵkːdɔm
ʃmɛɐ̯t͡s,smæːʈa
vʊndə,soːr
fiːbɐ,feːbər
aɐ̯t͡snaɪ̯,meːdɪsɪn
aɐ̯t͡snaɪ̯,lɛːɕɛmɛdəl
bʁʏkə,bruː
bʁʊnən,brɵnː
vaɪ̯də,beːtə
p͡faːt,stiːɡ
veːk,vɛːɡ
ʃtʁaːsə,ɡɑːta
dɔɐ̯f,byː
ʃtat,stɑːd
bʁiːf,breːv
buːχ,buːk
bʊkstaːbə,bɔkːstav
t͡saɪ̯tʊŋ,tiːdnɪŋ
leːbən,liːv
toːt,døːd
ɡʁaːp,ɡrɑːv
kɪɐ̯çə,ɕʏrːka
zʏndə,sʏnːd
ɡɔt,ɡʉːd
aɐ̯baɪ̯tɐ,arːbɛtarə
ʃɛf,ɧeːf
maɪ̯stɐ,mɛsːtarə
aɐ̯t͡st,lɛːkarə
leːʁɐ,læːrarə
ɡɛlt,pɛŋːar
ɡəʃɛft,rœːrɛlsə
laːdən,affːær
pʁaɪ̯s,priːs
vaːʁə,vɑːra
nʊt͡sən,ɡaŋːn
nʊt͡sən,nʏtːa
ʁaɪ̯çtuːm,riːɕɛdɔm
vɛlt,væɭːd
lant,lanːd
ʃtaːt,stɑːt
køːnɪç,kɵŋː
køːnɪç,kuːnɵŋ
maχt,makːt
ɡʁɛnt͡sə,ɡrɛnːs
kʁɪç,kriːɡ
faɪ̯nt,fiːɛndə
ɡəvalt,vɔlːd
kamp͡f,kamːp
kamp͡f,striːd
boːɡən,boːɡə
p͡faɪ̯l,piːl
ɡeːveːʁ,jeːvær
feːlɐ,feːl
lyːɡə,løŋːn
ʃaːdən,skɑːda
ʊŋlʏk,uːtɵr
ʊŋlʏk,uːlʏka
ʃʊlt,skɵlːd
altɐ,ɔlːdər
ʃlʊs,slʉːt
t͡saɪ̯t,tiːd
taːk,dɑːɡ
mɔɐ̯ɡən,mɔrːɡɔn
mɪtaːk,mɪdːaɡ
aːbɛnt,kvɛlː
naχt,natː
vɔχə,vɛkːa
moːnaːt,moːnad
jaːɐ̯,oːr
fʁyːlɪŋ,voːr
zɔmɐ,sɔmːar
hɛɐ̯bst,høsːt
vɪntɐ,vɪnːtər
jaːnuːaːɐ̯,jɑːnɵarɪ
fɛbʁuːaːɐ̯,feːbrɵarɪ
mɛɐ̯t͡s,marːs
apʁiːl,ɑːprɪl
maːiː,majː
juːniː,jʉːnɪ
juːliː,jʉːlɪ
aʊ̯ɡʊst,ɑːɵɡɵstɪ
zɛptɛmbɐ,sɛpːtɛmbər
ɔktoːbɐ,ɔkːtɔbər
noːfɛmbɐ,nuːvɛmbər
deːt͡sɛmbɐ,deːsɛmbər
mɔntaːk,mɔnːdaɡ
diːnstaːk,tɪsːdaɡ
mɪtvɔχ,ɔnːsdaɡ
dɔnɛɐ̯staːk,tɔrːsdaɡ
fʁaɪ̯taːk,freːdaɡ
zamstaːk,lœːɖaɡ
zɔntaːk,sønːdaɡ
ɡʁoːs,stuːr
klaɪ̯n,liːtən
laŋ,lɔŋː
kʊɐ̯t͡s,kuːʈ
bʁaɪ̯t,breːd
ʃmaːl,smɑːl
dɪçt,tɛːt
dɪk,ɕɔkː
dʏn,tɵnː
faɪ̯n,fiːn
fɛst,fasːt
flaχ,platː
ɡlat,ɡlatː
haɐ̯t,hoːɖ
vaɪ̯ç,mjʉːk
ʁʊnt,rɵnːd
ʃpɪt͡s,tɔpːɪɡ
ʃpɪt͡s,spɛtːsɪɡ
ʃaɐ̯f,vasː
ʃaɐ̯f,skarːp
ʃtʊmp͡f,sløː
ʃvɐ,tɵŋː
ʃøːn,ɧøːn
ʃøːn,vakːər
haɪ̯s,heːt
vaɐ̯m,varːm
kalt,kalː
kyːl,svɑːl
kyːl,ɕyːlɪɡ
fʁɪʃ,færːsk
fɔʏ̯çt,fɵkːtɪɡ
nas,voːt
tʁɔkən,tɔrː
fɔl,fɵlː
leːɐ̯,tɔmː
ɔfən,øpːən
ɡəʃlɔsən,stɛŋːd
zaʊ̯bɐ,reːn
ʃmʊt͡sɪç,snɵsːɕɪɡ
ʁoːh,roː
ʁaɪ̯f,muːɡən
lɛkɐ,lɛkːər
zyːs,søːt
bɪtɐ,bɛsːk
bɪtɐ,bɪtːər
zaʊ̯ɐ,sʉːr
hɛl,jʉːs
dʊŋkəl,mœrːk
ʃvaɐ̯t͡s,svɑːʈ
vaɪ̯s,viːt
ʁoːt,røːd
ɡɛlp,ɡʉːl
blaʊ̯,bloː
ɡʁyːn,ɡrøːn
ɡʁaʊ̯,ɡroː
bʊnt,bruːɕɪɡ
bɪlɪç,bɪlːɪɡ
tɔʏ̯ɐ,dyːr
vɛɐ̯tfɔl,væːɖɛfɵl
blɪnt,blɪnːd
taʊ̯p,døːv
kʁɛftɪç,krafːtɪɡ
ʃtaɐ̯k,starːk
ʃvaχ,svɑːɡ
fɛt,feːt
ʃlaŋk,slanːk
hʏbʃ,snʏɡː
hʏbʃ,vakːər
bøːzə,ɔnːd
bøːzə,eːlak
dʊm,dɵmː
faʊ̯l,lɑːt
flaɪ̯sɪç,fliːtɪɡ
ɡaɪ̯t͡sɪç,snoːl
ɡaɪ̯t͡sɪç,jiːrɪɡ
kluːk,kluːk
ɡəʃɪkt,hɛnːdɪɡ
ɡəʃɪkt,ɧɪkːlɪɡ
liːp,ɕæːr
liːp,snɛlː
lʊstɪç,ruːlɪɡ
lʊstɪç,lɵsːtɪɡ
zanft,mɪlːd
hʊŋʁɪç,hɵŋːrɪɡ
kʁaŋk,ɧʉːk
nakt,nɑːkən
tʁaʊ̯ʁɪç,lɛdːsən
tʁaʊ̯ʁɪç,sɔrːɡsən
leːbɛndɪç,leːvandə
ɡuːt,brɑː
ʃlɛçt,doːlɪɡ
ʁɪçtɪç,rɪkːtɪɡ
ʃlɪm,ɪlːa
vaːɐ̯,sanː
alt,ɡamːal
nɔʏ̯,nyː
eːəmaːlɪç,fuːɳ
eːəmaːlɪç,tiːdɪɡarə
alt,ɡamːal
jʊŋ,ɵŋː
aɐ̯m,fatːɪɡ
ʁaɪ̯ç,riːk
bəkant,ɕɛnːd
bəʁyːmt,bərømːd
fʁɛmt,frɛmːandə
fɛɐ̯ʃiːdən,ɔtːɧɪlɪɡ
naːh,næːra
fɐn,fjærːan
lɪŋkɐ,vɛnːstər
ʁɛçtɐ,høːɡər
andeːʁɐ,anːan
ɛɐ̯stɐ,fœrːsta
t͡svaɪ̯tɐ,anːdra
dʁɪtɐ,trɛdːjə
lɛt͡stɐ,sɪsːt
alaɪ̯n,alːɛna
aʊ̯f aɪ̯nmaːl,poː ɛn ɡɔŋː
t͡suːzamən,tɪlːsamans
laŋə,lɛŋːə
plœt͡slɪç,pløtːslɪɡt
zoːfɔɐ̯t,straksː
zoːfɔɐ̯t,jeːnast
ʃpɛːtɐ,seːnarə
jɛt͡st,nʉː
hɔʏ̯tə,iː daɡ
mɔɐ̯ɡən,iː mɔrɡɔn
balt,snɑːʈ
dan,doː
ɡɛstɐn,iː ɡɔr
aɪ̯nst,eːn ɡɔŋ
daːmals,doː
daːmals,deːn ɡɔŋən
daːnaχ,dæːrɛftər
fɔɐ̯hɐ,fœːrə
fɔɐ̯hɐ,fœːrɵt
t͡suːɛɐ̯st,fœrːst
aɪ̯nmaːl,eːn ɡɔŋ
mançmaːl,iːbland
ɔft,ɔfːta
ɪmɐ,alːtɪd
niːmals,alːdrɪɡ
hiːɐ̯,hæːr
hiːɐ̯hiːn,hiːt
foːn hiːɐ̯,hæːrɪfrɔn
dɔɐ̯t,dæːr
dɔɐ̯thiːn,diːt
ɡəʁaːdeːaʊ̯s,rɛtː framː
fɔɐ̯vɛɐ̯t͡s,framː
fɔɐ̯vɛɐ̯t͡s,framːɔt
ʁʏkvɛɐ̯t͡s,bɑːklɛŋəs
t͡suːʁʏk,tɪlːbaka
ʊntən,neːrə
ʊntən,neːdanfœr
hiːnaːp,neːd
hiːnaːp,neːdɔt
oːbən,uːvan
oːbən,uːvanpoː
hiːnaʊ̯f,ɵpː
hiːnaʊ̯f,ɵpːɔt
yːbɐal,øːvɛralt
nɪçt,ɛjː
nɪçt,ɪnːtə
aɪ̯n veːnɪç,liːtət
kaʊ̯m,knapːt
kaʊ̯m,knapːast
zeːʁ,mʏkːət
zoː,soː
nɔχ,ɛːn
nɔχ,ɛnːɵ
nuːɐ̯,bɑːra
nuːɐ̯,ɛnːdast
ʃoːn,reːdan
viːdɐ,oːtər
fɛɐ̯ɡeːbɛns,fœrːjɛvəs
foːɐ̯,ʉːtanfœr
hɪntɐ,bɑːkɔm
ʊntɐ,ɵnːdər
dʊɐ̯ç,jeːnɔm
dʊɐ̯ç,iːjɛnɔm
neːbən,brɛdːvɪd
neːbən,viːd ˈsiːdan ˌɑːv
t͡svɪʃən,mɛlːan
veːɡən,poː ɡrɵnd ɑːv
diːs,dɛtːa
daːs,deːt
aleːs,alːt
ɪç,jɑːɡ
duː,dʉː
eːɐ̯,hanː
viːɐ̯,viː
iːɐ̯,niː
ziː,deː
vaːs,vɑːd
feːɐ̯,vɛmː
voː,vɑːr
voːhiːn,vɑːʈ
viː,hʉːr
vaːʁuːm,varːfœr
viːfiːl,hʉːr mʏkət
aɪ̯ns,eːn
aɪ̯ns,ɛtː
t͡svaɪ̯,tvoː
dʁaɪ̯,treː
fiːɐ̯,fyːra
fʏnf,fɛm
zɛks,sɛksː
ziːbən,ɧʉː
aχt,ɔtːa
nɔʏ̯n,niːɔ
t͡seːn,tiːɔ
ɛlf,ɛlːva
t͡svœlf,tɔlːv
t͡svant͡sɪç,ɕʉːɡɔ
dʁaɪ̯sɪç,trɛtːɪɔ
fiːɐ̯t͡sɪç,fyːʈɪɔ
fʏnft͡sɪç,fɛmːtɪɔ
zɛçt͡sɪç,sɛksːtɪɔ
ziːbt͡sɪç,ɧɵtːɪɔ
aχt͡sɪç,ɔtːɪɔ
nɔʏ̯nt͡sɪç,nɪtːɪɔ
hʊndɛɐ̯t,hɵnːdra
taʊ̯zɛnt,tʉːsən
ʊnt,ɔk
oːdɐ,ɛlːər
ʃteːən,stoː
zɪt͡sən,sɪtːa
liːɡən,lɪɡːa
hɛŋən,hɛŋːa
vɛɐ̯dən,bliː
pasiːʁən,ɧeː
pasiːʁən,hɛnːda
bəɡɪnən,bœrːja
ɛndən,ɛnːda
vɛksəln,vɛksːla
aʊ̯fɡeːən,ɡoː ɵp
ʊntɛɐ̯ɡeːən,ɡoː nɛd
ʃaɪ̯nən,ɧiːna
dɔnɐn,dɵnːdra
veːən,bloːsa
ʃtʁøːmən,fɔrːsa
ʃtʁøːmən,strømːa
fliːsən,flyːta
zɪç dʁeːən,snɵrːa
ʃvaŋkən,vakːla
ʃvɪŋən,svɪŋːa
falən,falːa
bʁɛnən,brɪnːa
ʁaʊ̯χən,ryːka
ʁɛɡnən,rɛŋːna
ɡəfʁiːʁən,fryːsa
taʊ̯ən,tøːa
ʃmɛlt͡sən,smɛlːta
tʁɔknən,tɔrːka
ziːdən,kuːka
ziːdən,ɧʉːda
faʊ̯lən,rɵtːna
fɛɐ̯faʊ̯lən,rɵtːna
ʁaɪ̯sən,brɪsːta
fɛɐ̯zɪŋkən,ɧɵnːka
fɛɐ̯ɡeːən,fœrːɡɔ
ɛɐ̯ʃaɪ̯nən,syːnas
ɛɐ̯ʃaɪ̯nən,viːsa siːɡ
fɛɐ̯ʃvɪndən,fœrːsvɪna
zɪŋkən,ɧɵnːka
abneːmən,avːta
abneːmən,mɪnːskas
t͡suːneːmən,tɪlːtaɡa
ʃtaɪ̯ɡən,stiːɡa
vaksən,vɛksːa
ɡlɛnt͡sən,ɡlɪmːa
fʊŋkəln,tɪnːdra
fʊŋkəln,ɡnɪsːtra
lɛɐ̯mən,broːka
lɛɐ̯mən,vɛːsnas
lɔʏ̯tən,rɪŋːa
klɪŋəln,rɪŋːa
klɪʁən,klɪrːa
bʁaʊ̯zən,brʉːsa
ʁaʊ̯ʃən,sʉːsa
klɪŋən,loːta
klɪŋən,klɪŋːa
bɛlən,ɧɛlːa
hɔʏ̯lən,yːla
hɔʏ̯lən,ɕʉːta
blaːzən,bloːsa
p͡faɪ̯fən,vɪsːla
ʃʁaɪ̯ən,skriːka
ʃtøːnən,støːna
t͡sɪtɐn,darːa
t͡sɪtɐn,ɧɛlːva
leːbən,leːva
ɡəboːʁeːn vɛɐ̯dən,føːdas
atmən,anːdas
tʁɪŋkən,drɪkːa
ɛsən,ɛːta
ʃlʊkən,svɛlːja
myːdeː vɛɐ̯dən,trøtːna
aɪ̯nʃlaːfən,sɔmːna
ʃlaːfən,suːva
aʊ̯fvaχən,vɑːkna
aʊ̯fʃteːən,stiːɡa ɵpː
zɪç ɛɐ̯hoːlən,reːpa siːɡ
zɪç ɛɐ̯hoːlən,hɛmːta siːɡ
kʁaŋk vɛɐ̯dən,ɪnːɧɵkna
kʁaŋk zaɪ̯n,vɑːra ɧʉːk
ʃmɛɐ̯t͡sən,smæːʈa
ʃmɛɐ̯t͡sən,jœːra ɔnːt
hʊstən,hɔsːta
ɡəneːzən,tɪlːfrɪskna
ʃtɛɐ̯bən,døː
ʊmkɔmən,ɔmːkɔma
zɪç beːveːɡən,rœːra siːɡ
zɪç ʁyːʁən,rœːra poː sɪɡ
zɪç ɛɐ̯heːbən,reːsa siːɡ
zɪç zɛt͡sən,sɛtːa siːɡ
hɪnfalən,falːa ɔmːkɵl
laʊ̯fən,løːpa
ʃʁaɪ̯tən,skriːda
ʃpaːt͡siːʁɛŋeːən,prɔmːɛnɛra
aɪ̯lən,iːla
zɪç beːiːlən,ɧʏnːda siːɡ
zaʊ̯zən,sʉːsa
ʁɛnən,løːpa
ʁɛnən,sprɪŋːa
ʃpʁɪŋən,hɔpːa
klɛtɐn,klɛtːra
ʃaʊ̯kəln,ɡɵŋːa
kʁiːçən,krɛːla
ʃvɪmən,sɪmːa
taʊ̯χən,dyːka
ʁuːdɐn,ruː
faːʁən,ɕœːra
fliːɡən,flyːɡa
ɡeːən,ɡoː
vɛɡeːən,ɡoː bɔʈ
abfaːʁən,reːsa
abfaːʁən,ɑːvrɛsa
anhaltən,stanːa
hiːnaɪ̯ŋeːən,ɡoː ɪn
aɪ̯ntʁeːtən,trɛːda iːn
kɔmən,kɔmːa
aŋkɔmən,anːkɔma
t͡suːʁʏkkɔmən,oːtɛrkɔma
blaɪ̯bən,bliː
blaɪ̯bən,fœrːblɪ
vaɐ̯tən,vɛnːta
ɛɐ̯vaɐ̯tən,vɛnːta
zuːχən,leːta
fɪndən,fɪnːa
fɛɐ̯zuːχən,fœrːsøka
fɔɐ̯beːʁaɪ̯tən,fœrːbɛrɛda
liːbən,ɛlːska
møːɡən,tʏkːa ɔmː
laχən,skratːa
ʁyːʁən,rœːra
vaɪ̯nən,ɡroːta
ʃɪmp͡fən,ɧɛlːa
zɪç ɛɐ̯ɡɐn,fœːrarɡas
zɪç fʏɐ̯çtən,vɑːra rɛdː
fʏɐ̯çtən,frɵkːta
fliːən,flyː
fliːən,rʏmːa
flʏçtən,flyː
zeːən,seː
anʃaʊ̯ən,seː pɔ
anʃaʊ̯ən,bətrakːta
anzeːən,oːsə
høːʁən,hœːra
t͡suːhøːʁən,hœːra poː
t͡suːhøːʁən,lʏsːna tɪlː
pʁoːbiːʁən,smɑːka
pʁoːbiːʁən,smɑːka poː
ʁiːçən,lɵkːta
fyːlən,ɕɛnːa
ʃaɪ̯nən,vɛrːka
ʃaɪ̯nən,tʏkːas
t͡suː zeːən zaɪ̯n,syːnas
t͡suː zeːən zaɪ̯n,kɵnːa seːs
fɛɐ̯neːmən,foː vɛta
fɛɐ̯neːmən,fœːɳɪma
fʁiːʁən,fryːsa
tuːn,jœːra
kœnən,kɵnːa
vɔlən,vɪlːja
anfaŋən,bœrːja
beːndən,avːslɵta
aʊ̯fhøːʁən,slʉːta
aʊ̯fhøːʁən,ɵpːhœra
ɡəlɪŋən,lʏkːas
ɡəʁaːtən,bliː
œfnən,øpːna
ʃliːsən,loːsa
ʃliːsən,stɛŋːa
ʃtɛlən,stɛlːa
zɛt͡sən,sɛtːa
leːɡən,lɛɡːa
bəʁyːʁən,bərœːra
fɛɐ̯bɪndən,fœrːbɪnda
bədɛkən,tɛkːa
bədɛkən,bətɛkːa
aʊ̯fhɛŋən,hɛŋːa
aʊ̯fhɛŋən,hɛŋːa ɵpː
ant͡sʏndən,tɛnːda
ant͡sʏndən,anːtɛnda
ant͡sʏndən,tɛnːda poː
aʊ̯fheːbən,lʏfːta
t͡suːʁʏklasən,lɛmːna
t͡suːʁʏklasən,ɛfːtɛɭɛmna
fɛɐ̯liːʁən,mɪsːta
fɛɐ̯liːʁən,fœːɭɔra
faleːn lasən,tapːa
faleːn lasən,slɛpːa
maχən,jœːra
hɛɐ̯stɛlən,tɪlːvɛrka
hɛɐ̯stɛlən,framːstɛla
baʊ̯ən,bʏɡːa
ʁeːpaːʁiːʁən,reːparɛra
fɛɐ̯bɛsɐn,rɛtːa
fɛɐ̯bɛsɐn,fœrːbɛtra
ɛndɐn,ɛnːdra
ɛndɐn,fœːrɛndra
ɡʁaːbən,ɡrɛːva
bɔʏ̯ɡən,bøjːa
biːɡən,bøjːa
biːɡən,krøːka
dʁeːən,vriːda
vɛndən,vɛnːda
ʊmdʁeːən,vriːda ɔmː
heːbən,hɛːva
hɔχheːbən,lʏfːta
ɛɐ̯ɡʁaɪ̯fən,ɡriːpa
haltən,hɔlːa
dʁʏkən,trʏkːa
ʃiːbən,ɧʉːta
kʁat͡sən,riːva
kʁat͡sən,skrɑːpa
lɛkən,slɪkːa
baɪ̯sən,biːta
abʁaɪ̯sən,sliːta ɑːv
abʁaɪ̯sən,riːva ɑːv
abʃnaɪ̯dən,ɧæːra ɑːv
bɪndən,bɪnːda
ʃtɛkən,stɪkːa
bʁɛçən,bryːta
bʁɛçən,brɪsːta
klɔp͡fən,banːka
klɔp͡fən,klapːa
haʊ̯ən,hɵɡːa
kleːbən,klɪsːtra
ʁaɪ̯bən,ɡniːda
ʃtʁaɪ̯çən,smœrːja
ʃlaɪ̯fən,sliːpa
ʃnaɪ̯dən,ɧæːra
ʃnaɪ̯dən,klɪpːa
ʁʏtəln,skɑːka
ʃʏtəln,rɪsːta
ʃvɛŋkən,svɛŋːa
ʃʏtən,hɛlːa
fʏlən,fʏlːa
aɪ̯nvɪkəln,sloː ɪn
aɪ̯nvɪkəln,vɛkːla iːn
tʁaːɡən,bæːra
ʃlɛpən,slɛːpa
t͡siːən,drɑː
aʊ̯fbeːvaːʁən,fœrːvara
aʊ̯fbeːvaːʁən,tɑː vara poː
vɛɐ̯fən,kasːta
faŋən,fɔŋːa
pakən,ɡriːpa
pakən,ɡriːpa tɑːɡ
fɛɐ̯stɛkən,jømːa
taɪ̯lən,deːla
ʃɪkən,ɧɪkːa
bʁɪŋən,brɪŋːa
hɪnt͡suːfyːɡən,tɪlːɛɡa
bəkɔmən,foː
bəkɔmən,ɛrːhɔla
ɛɐ̯haltən,foː
ɛɐ̯haltən,ɛrːhɔla
neːmən,tɑː
neːmən,tɑːɡa
vɛːlən,vɛlːja
aʊ̯svɛːlən,ɵtːvɛlja
bəvaːʁən,bəvɑːra
bəhɪndɐn,hɪnːdra
bəhɪndɐn,fœrːhɪndra
fɛɐ̯dɛɐ̯bən,fœrːstœra
bəʃɛːdiːɡən,skɑːda
t͡sɛɐ̯bʁɛçən,bryːta iːsær
t͡sɛɐ̯bʁɛçən,bryːta sønːdər
t͡sɛʁaɪ̯sən,riːva sønːdər
t͡sɛʁaɪ̯sən,sliːta sønːdər
t͡sɛɐ̯støːʁən,fœrːstœra
fɛɐ̯bʁɛnən,brɛnːa
fɛɐ̯bʁɛnən,brɛnːa ɵpː
ɡeːbən,jeː
ʁaɪ̯çən,rɛkːa
ʃɛŋkən,ɧɛnːka
fɛɐ̯spʁɛçən,luːva
vʏnʃən,ønːska
loːbən,luːva
loːbən,bərømːa
kʏsən,pɵsːa
viːɡən,vaɡːa
t͡suːdɛkən,tɛkːa
vɛkən,vɛkːa
t͡saɪ̯ɡən,viːsa
fyːʁən,fœːra
leːʁən,læːra
ʊntɛʁɪçtən,ɵnːdɛrvɪsa
aʊ̯ft͡siːən,ɵpːfɔstra
laɪ̯tən,leːda
antʁaɪ̯bən,driːva poː
lasən,foː at
aɪ̯nlaːdən,bjʉːda
aɪ̯nlaːdən,ɪnːbjɵda
fɛɐ̯aɪ̯niːɡən,fœːrɛna
bəzuːχən,bəsøːka
tʁɛfən,møːta
tʁɛfən,trɛffːa
zɪç fɛɐ̯zaməln,fœrːsamla siːɡ
ʃpiːlən,leːka
ʃpiːlən,speːla
zɪŋən,ɧɵŋːa
tant͡sən,danːsa
zɪç tʁɛnən,ɧɪlːjas
fɛɐ̯lasən,lɛmːna
fɛɐ̯lasən,øːvɛrɡə
ʁɛtən,rɛdːa
bəvaχən,bəvɑːka
ʃʏt͡sən,ɧʏdːa
ʃʏt͡sən,bəɧʏdːa
fɛɐ̯taɪ̯diːɡən,fœrːsvara
zɪç ʃlaːɡən,slɔsː
ʃiːsən,ɧʉːta
ziːɡən,seːɡra
ɛɐ̯ɡɐn,fœːrarɡa
ʃlaːɡən,sloː
tʁeːtən,sparːka
ʃtɛçən,stɪkːa
ʃtoːsən,støːta
ʃteːlən,ɧɛːla
ʃtøːʁən,stœːra
bəlɛstiːɡən,jeːnɛra
bəlɛstiːɡən,bəsvæːra
fɛɐ̯bɛɐ̯ɡən,dølːja
tɔʏ̯ʃən,vɪlːsɛlɛda
bətʁyːɡən,bədrɑː
tøːtən,døːda
voːnən,buː
aɐ̯baɪ̯tən,arːbɛta
zaməln,samːla
p͡flʏkən,plɔkːa
jaːɡən,jɑːɡa
fɪʃən,fɪsːka
fasən,fɔŋːa
hyːtən,vakːta
tʁaɪ̯bən,driːva
anbɪndən,bɪnːda fasːt
fʏtɐn,fuːdra
mɛlkən,mjølːka
hakən,hakːa
ɡiːsən,hɛlːa
ɡiːsən,vatːna
ʁaɪ̯fən,mɔŋːna
t͡suːbeːʁaɪ̯tən,tɪlːaɡa
t͡suːbeːʁaɪ̯tən,tɪlːrɛda
kɔχən,kuːka
bakən,bɑːka
bʁaːtən,steːka
ʊmʁyːʁən,rœːra ɔmː
ʃtʁɪkən,stɪkːa
nɛːən,syː
fɛɐ̯bən,færːɡa
ʁaɪ̯niːɡən,rɛnːsa
ʁaɪ̯niːɡən,rɛŋːœra
vaʃən,tvɛtːa
abvɪʃən,tɔrːka ɑːv
ʃpyːlən,spuːla
ʃpyːlən,ɧølːja
feːɡən,fɛjːa
keːʁən,suːpa
baːdən,bɑːda
zɪç vaʃən,tvɛtːa siːɡ
aʊ̯st͡siːən,tɑː av
ant͡siːən,tɑː pɔ
zɪç ant͡siːən,klɛː pɔ siːɡ
kɛmən,kamːa
ʃmʏkən,pʏnːta
ʃmʏkən,smʏkːa
zaːɡən,sɛːɡa
ʃpʁɛçən,tɑːla
ʁeːdən,tɑːla
ʁeːdən,prɑːta
zɪç ʊntɛɐ̯haltən,prɑːta
fʁaːɡən,froːɡa
fʁaːɡən,spœrːja
bɪtən,beː
ɛɐ̯t͡sɛːlən,bərɛtːa
mɪtaɪ̯lən,mɛdːɛla
nɛnən,kalːa
ʁuːfən,ruːpa
pʁaːlən,proːla
pʁaːlən,skryːta
yːbɐzɛt͡sən,tɔlːka
yːbɐzɛt͡sən,øːvɛʂɛta
dɛŋkən,tɛnːka
ɡlaʊ̯bən,truː
bəmɛɐ̯kən,ɵpːmærksama
bəmɛɐ̯kən,lɛɡːa mærːɕɛ tɪlː
ɛɐ̯kɛnən,ɕɛnːa iːɡən
bəɡʁaɪ̯fən,bəɡriːpa
fɛɐ̯ʃteːən,fœrːstɔ
lɛɐ̯nən,læːra siːɡ
vɪsən,veːta
zɪç eːʁɪnɛɐ̯n aːn,mɪnːas
zɪç eːʁɪnɛɐ̯n aːn,kɔma ihoːɡ
fɛɐ̯ɡɛsən,ɡlømːa
mɛsən,mɛːta
t͡sɛːlən,rɛːkna
ʁɛçnən,rɛːkna
leːzən,lɛːsa
maːlən,moːla
t͡saɪ̯çnən,tɛkːna
ʃʁaɪ̯bən,skriːva
bəzɪt͡sən,ɛːɡa
bəzɪt͡sən,bəsɪtːa
kaʊ̯fən,ɕøːpa
fɛɐ̯kaʊ̯fən,sɛlːja
bət͡saːlən,bətɑːla
t͡saːlən,bətɑːla
bəhɛɐ̯ʃən,bəhærːska
ɛɐ̯tʁaːɡən,toːla
ɛɐ̯tʁaːɡən,ɵtːhæɖa