concept_id,deu,swe,distance
1, ['#', 'a', 'ʊ̯', 'ɡ', 'ə'], ['#', '*', 'øː', 'ɡ', 'a'], 0.37
2, ['#', 'oː', '*', 'ɐ̯'], ['#', 'œː', 'r', 'a'], 0.4
3, ['#', 'n', 'aː', 'z', 'ə'], ['#', 'n', 'ɛː', 's', 'a'], 0.11
4, ['#', 'm', 'ʊ', 'n', 't'], ['#', 'm', 'ɵ', 'n', '*'], 0.23
5, ['#', 't͡s', 'aː', '*', 'n'], ['#', 't', 'a', 'nː', 'd'], 0.29
6, ['#', 't͡s', 'ʊ', 'ŋ', 'ə'], ['#', 't', 'ɵ', 'ŋː', 'a'], 0.14
7, ['#', 'l', 'ɪ', 'p', 'ə'], ['#', 'l', 'ɛ', 'pː', '*'], 0.29
11, ['#', 'h', 'aː', 'ɐ̯'], ['#', 'h', 'oː', 'r'], 0.38
15, ['#', 'k', 'iː', 'f', 'ɐ'], ['#', 'ɕ', 'ɛː', 'k', 'ə'], 0.21
17, ['#', 'h', 'a', 'l', 's'], ['#', 'h', 'a', 'lː', 's'], 0.04
21, ['#', 'b', 'a', 'ʊ̯', 'χ'], ['#', 'b', '*', 'ʉː', 'k'], 0.36
22, ['#', 'n', 'aː', 'b', 'ə', 'l'], ['#', 'n', 'ɑː', 'v', 'ə', 'l'], 0.08
23, ['#', 'b', 'uː', 'z', 'ə', 'n'], ['#', 'b', 'a', 'rː', '*', 'm'], 0.38
24, ['#', 'b', 'ʁ', 'ʊ', 's', 't'], ['#', 'b', 'r', 'ø', 'sː', 't'], 0.14
25, ['#', 'ʃ', '*', 'ʊ', 'l', 't', '*', 'ɐ'], ['#', 's', 'k', 'ɵ', 'lː', 'd', 'r', 'a'], 0.35
26, ['#', 'a', 'ɐ̯', 'm'], ['#', 'a', 'rː', 'm'], 0.25
27, ['#', 'ɛ', 'l', 'ɛ', 'n', 'b', 'oː', 'ɡ', 'ə', 'n'], ['#', 'a', 'rː', '*', 'm', 'b', 'ɔ', 'ɡ', 'ə', '*'], 0.29
28, ['#', 'h', 'a', 'n', 't'], ['#', 'h', 'a', 'nː', 'd'], 0.08
29, ['#', 'h', 'a', 'n', 'd', 'f', 'l', 'ɛ', 'ç', 'ə'], ['#', 'h', 'a', 'nː', 'd', 'f', 'l', 'a', 't', 'a'], 0.09
30, ['#', 'f', 'ɪ', 'ŋ', 'ɐ', '*'], ['#', 'f', 'ɪ', 'ŋː', 'ə', 'r'], 0.21
31, ['#', 'f', 'ɪ', 'ŋ', 'ɛ', 'ɐ̯', 'n', 'aː', 'ɡ', 'ə', 'l'], ['#', 'f', 'ɪ', 'ŋː', 'ɛ', '*', 'ɳ', 'a', 'ɡ', 'ə', 'l'], 0.14
32, ['#', 'n', 'aː', 'ɡ', 'ə', 'l'], ['#', 'n', 'ɑː', 'ɡ', 'ə', 'l'], 0.03
33, ['#', 't͡s', 'eː'], ['#', 't', 'oː'], 0.14
34, ['#', 'f', 'uː', 's'], ['#', 'f', 'uː', 't'], 0.05
36, ['#', 'k', 'n', 'iː'], ['#', 'k', 'n', 'ɛː'], 0.04
38, ['#', 'b', 'a', 'ɪ̯', 'n'], ['#', 'b', 'eː', '*', 'n'], 0.27
40, ['#', 'h', 'a', 'ʊ̯', 't'], ['#', 'h', '*', 'ʉː', 'd'], 0.34
41, ['#', 'b', 'l', 'uː', 't'], ['#', 'b', 'l', 'uː', 'd'], 0.04
42, ['#', 'aː', 'd', 'ɐ', '*'], ['#', 'oː', 'd', 'ə', 'r'], 0.32
43, ['#', 'z', 'eː', 'n', 'ə'], ['#', 's', 'eː', 'n', 'a'], 0.09
47, ['#', 'm', 'aː', 'ɡ', 'ə', 'n'], ['#', 'm', 'ɑː', 'ɡ', 'ə', '*'], 0.19
48, ['#', 'l', 'eː', 'b', 'ɐ', '*'], ['#', 'l', 'eː', 'v', 'ə', 'r'], 0.23
50, ['#', 'h', 'ʊ', 'ŋ', 'ɐ', '*'], ['#', 'h', 'ɵ', 'ŋː', 'ə', 'r'], 0.24
52, ['#', 'ɡ', 'ə', 'ʃ', 'm', 'a', 'k'], ['#', '*', '*', 's', 'm', 'ɑː', 'k'], 0.35
55, ['#', 't', 'ʁ', 'a', 'ʊ̯', 'm'], ['#', 'd', 'r', 'ø', '*', 'mː'], 0.36
56, ['#', 'h', 'ɪ', 'm', 'ə', 'l'], ['#', 'h', 'ɪ', 'mː', 'ə', 'l'], 0.03
57, ['#', 'z', 'ɔ', 'n', 'ə'], ['#', 's', 'uː', 'l', '*'], 0.35
58, ['#', 'm', 'ɔ', 'n', 't'], ['#', 'm', 'oː', 'n', 'ə'], 0.25
60, ['#', 'l', 'ʊ', 'f', 't'], ['#', 'l', 'ɵ', 'fː', 't'], 0.07
61, ['#', 'v', 'ɪ', 'n', 't'], ['#', 'v', 'ɪ', 'nː', 'd'], 0.08
62, ['#', 'v', 'ɛ', 'l', 'ə'], ['#', 'v', 'oː', 'ɡ', '*'], 0.4
62, ['#', 'v', 'ɛ', 'l', '*', 'ə'], ['#', 'b', 'ø', 'lː', 'j', 'a'], 0.33
63, ['#', 'v', 'a', 's', 'ɐ', '*'], ['#', 'v', 'a', 'tː', 'ə', 'n'], 0.25
64, ['#', 'ʃ', 't', 'a', 'ɪ̯', 'n'], ['#', 's', 't', 'eː', '*', 'n'], 0.24
73, ['#', 'v', 'ɛ', 't', 'ɐ', '*'], ['#', 'v', 'ɛː', 'd', 'ə', 'r'], 0.24
74, ['#', 'n', 'eː', 'b', 'ə', 'l'], ['#', 'd', 'ɪ', 'mː', 'a', '*'], 0.36
74, ['#', 'n', 'eː', 'b', 'ə', 'l'], ['#', 't', 'ø', 'kː', 'ə', 'n'], 0.26
76, ['#', 'ʁ', 'eː', 'ɡ', 'ə', 'n'], ['#', 'r', 'ɛ', 'ŋː', '*', 'n'], 0.34
77, ['#', 'ʃ', 'n', 'eː'], ['#', 's', 'n', 'øː'], 0.07
78, ['#', 'a', 'ɪ̯', 's'], ['#', 'iː', '*', 's'], 0.33
79, ['#', 'f', 'ʁ', 'ɔ', 's', 't'], ['#', 'f', 'r', 'ɔ', 'sː', 't'], 0.1
80, ['#', 'k', 'ɛ', 'l', 't', 'ə'], ['#', 'ɕ', 'ø', 'lː', 'd', '*'], 0.34
81, ['#', 'h', 'ɪ', 't͡s', 'ə'], ['#', 'h', 'ɛ', 'tː', 'a'], 0.16
83, ['#', 'ʁ', 'eː', 'ɡ', 'ɛ', 'n', 'b', 'oː', 'ɡ', 'ə', 'n'], ['#', 'r', 'ɛ', 'ŋː', '*', 'n', 'b', 'ɔ', 'ɡ', 'ə', '*'], 0.3
84, ['#', 'd', 'ɔ', '*', 'n', 'ɐ', '*'], ['#', 'd', 'ɵ', 'nː', 'd', 'ə', 'r'], 0.35
85, ['#', 'ʃ', 't', 'ʁ', 'øː', '*', 'm', 'ʊ', 'ŋ'], ['#', 's', 't', 'r', 'ø', 'mː', 'n', 'ɪ', 'ŋ'], 0.24
86, ['#', 't', 'ʁ', 'ɔ', 'p͡f', 'ə', 'n'], ['#', 'd', 'r', 'ɔ', 'pː', 'ə', 'r'], 0.16
87, ['#', 'ʃ', 'a', 'ʊ̯', 'm'], ['#', 's', 'k', 'ɵ', 'mː'], 0.33
88, ['#', 'ʃ', 'm', 'ʊ', '*', 't͡s'], ['#', 's', 'm', 'ɵ', 'tː', 's'], 0.23
89, ['#', 'z', 'eː'], ['#', 'ɧ', 'øː'], 0.12
91, ['#', 'm', 'oː', 'ɐ̯'], ['#', 'm', 'yː', 'r'], 0.31
91, ['#', 'm', 'oː', '*', 'ɐ̯'], ['#', 'm', 'ɔ', 'sː', 'ə'], 0.3
94, ['#', 'h', 'yː', 'ɡ', 'ə', 'l'], ['#', 'k', 'ɵ', 'lː', 'ə', '*'], 0.39
96, ['#', 'b', 'ɛ', 'ɐ̯', 'k'], ['#', 'b', 'ɛ', 'rː', 'ɡ'], 0.24
98, ['#', 'h', 'øː', 'l', 'ə'], ['#', 'h', 'oː', 'l', 'a'], 0.08
100, ['#', 'k', 'w', 'ɛ', 'l', 'ə'], ['#', 'ɕ', '*', 'ɛ', 'lː', 'a'], 0.31
101, ['#', 'b', 'a', 'χ'], ['#', 'b', 'ɛ', 'kː'], 0.15
102, ['#', 'f', 'l', 'ʊ', 's'], ['#', 'f', 'l', 'uː', 'd'], 0.15
104, ['#', 'k', 'ʏ', 's', 't', 'ə'], ['#', 'k', 'ɵ', 'sː', 't', '*'], 0.23
105, ['#', 'f', 'ɛ', 's', 't', 'l', 'a', 'n', 't'], ['#', 'f', 'a', 'sː', 't', 'l', 'a', 'n', 'd'], 0.05
107, ['#', 'b', 'ʊ', 'χ', 't'], ['#', 'b', 'ɵ', 'kː', 't'], 0.13
109, ['#', 'b', 'l', 'uː', 'm', 'ə'], ['#', 'b', 'l', 'ɔ', 'mː', 'a'], 0.13
109, ['#', 'b', 'l', 'uː', 'm', '*', '*', 'ə', '*'], ['#', 'b', 'l', 'ɔ', 'mː', 's', 't', 'ə', 'r'], 0.39
110, ['#', 'ɡ', 'ʁ', 'aː', 's'], ['#', 'ɡ', 'r', 'ɛː', 's'], 0.1
113, ['#', 'ʃ', 't', 'a', 'm'], ['#', 's', 't', 'a', 'mː'], 0.06
116, ['#', 't͡s', 'v', 'a', 'ɪ̯', 'k'], ['#', 'k', 'v', 'ɪ', 'sː', 't'], 0.29
117, ['#', 'b', 'l', 'a', 't'], ['#', 'b', 'l', 'ɑː', 'd'], 0.11
120, ['#', 'v', 'a', 'ɪ̯', 'd', 'ə'], ['#', 'v', 'iː', '*', 'd', 'ə'], 0.22
122, ['#', 'h', 'ɔ', 'ɐ̯', 'n'], ['#', 'h', 'uː', '*', 'ɳ'], 0.31
123, ['#', 'f', '*', 'eː', 'd', 'ɐ', '*'], ['#', 'f', 'j', 'ɛː', 'd', 'ə', 'r'], 0.31
124, ['#', 'f', 'ɛ', 'l'], ['#', 'f', 'ɛ', 'lː'], 0.05
124, ['#', 'f', 'ɛ', 'l'], ['#', 'ɧ', 'ɪ', 'nː'], 0.19
128, ['#', 'ʃ', 'v', 'a', 'n', 't͡s'], ['#', 's', 'v', 'a', 'nː', 's'], 0.07
129, ['#', 'a', 'ɪ̯'], ['#', 'ɛ', 'ɡː'], 0.36
130, ['#', 'n', 'ɛ', 's', 't'], ['#', 'r', 'eː', 'd', 'ə'], 0.37
130, ['#', 'n', 'ɛ', 's', 't', '*'], ['#', 'n', 'ɛ', 'sː', 't', 'ə'], 0.2
131, ['#', 'b', 'a', 'ʊ̯'], ['#', 'b', '*', 'uː'], 0.38
134, ['#', 'k', 'uː'], ['#', 'k', 'uː'], 0.0
136, ['#', 'p͡f', 'ɛ', 'ɐ̯', 't'], ['#', 'h', 'ɛ', 'sː', 't'], 0.26
137, ['#', 'ʃ', 'aː', 'f'], ['#', 'f', 'oː', 'r'], 0.3
138, ['#', 'ʃ', 'v', 'a', 'ɪ̯', 'n'], ['#', 's', 'v', 'iː', '*', 'n'], 0.24
139, ['#', 'h', 'ʊ', 'n', 't'], ['#', 'h', 'ɵ', 'nː', 'd'], 0.11
140, ['#', 'k', 'a', 't͡s', 'ə'], ['#', 'k', 'a', 'tː', '*'], 0.26
143, ['#', 'ɛ', 'l', 'ç'], ['#', 'ɛ', 'lː', 'ɡ'], 0.17
145, ['#', 'h', 'aː', 'z', 'ə'], ['#', 'h', 'ɑː', 'r', 'ə'], 0.07
146, ['#', 'm', 'a', 'ʊ̯', 's'], ['#', 'm', '*', 'ʉː', 's'], 0.3
147, ['#', 'v', 'ɔ', 'l', 'f'], ['#', 'v', 'a', 'rː', 'ɡ'], 0.28
148, ['#', 'f', 'oː', 'ɡ', 'ə', 'l'], ['#', 'f', 'oː', 'ɡ', 'ə', 'l'], 0.0
149, ['#', 'ʃ', 'v', 'a', 'ɐ̯', 'm'], ['#', 's', 'v', 'æ', 'rː', 'm'], 0.2
150, ['#', 'h', 'uː', 'n', '*'], ['#', 'h', 'ø', 'nː', 's'], 0.32
154, ['#', 'ɛ', 'n', 't', 'ə'], ['#', 'a', 'nː', 'k', 'a'], 0.15
155, ['#', 'ɔ', 'ʏ̯', 'l', 'ə'], ['#', 'ɵ', 'ɡː', 'l', 'a'], 0.28
156, ['#', 'k', 'ʁ', 'aː', 'n', 'ɪ', 'ç'], ['#', 't', 'r', 'ɑː', 'n', 'a', '*'], 0.29
157, ['#', 'k', 'ʁ', 'ɛː', 'h', 'ə'], ['#', 'k', 'r', 'oː', 'k', 'a'], 0.24
159, ['#', 'ʃ', 'v', 'aː', 'n'], ['#', 's', 'v', 'ɑː', 'n'], 0.05
160, ['#', 'f', 'ɪ', 'ʃ', '*'], ['#', 'f', 'ɪ', 'sː', 'k'], 0.26
165, ['#', 'ʃ', 'p', 'ɪ', '*', 'n', 'ə', '*'], ['#', 's', 'p', 'ɪ', 'nː', 'd', 'ə', 'l'], 0.29
167, ['#', 'l', 'a', 'ʊ̯', 's'], ['#', 'l', '*', 'ʉː', 's'], 0.3
168, ['#', 'm', 'ʏ', 'k', 'ə'], ['#', 'm', 'ʏ', 'ɡː', 'a'], 0.13
169, ['#', 'f', 'l', 'iː', 'ɡ', 'ə'], ['#', 'f', 'l', 'ʉː', 'ɡ', 'a'], 0.08
171, ['#', 'b', 'eː', 'ʁ', 'ə'], ['#', 'b', 'æː', 'r', '*'], 0.31
172, ['#', 'a', 'p͡f', '*', 'ə', 'l'], ['#', 'ɛ', 'pː', 'l', 'ə', '*'], 0.4
175, ['#', 'z', 'aː', 't'], ['#', 's', 'ɔ', 'dː'], 0.3
176, ['#', 'k', 'ɔ', 'ɐ̯', 'n'], ['#', 'k', 'uː', '*', 'ɳ'], 0.31
177, ['#', 'h', 'ɔ', 'ʏ̯'], ['#', 'h', 'øː', '*'], 0.35
178, ['#', 'ʃ', '*', 'aː', 'l', 'ə'], ['#', 's', 'k', 'ɑː', 'l', '*'], 0.38
179, ['#', 'ɡ', 'ʁ', 'uː', 'b', 'ə'], ['#', 'ɡ', 'r', 'uː', 'p', '*'], 0.27
180, ['#', 'f', 'a', 'l', 'ə'], ['#', 'f', 'ɛ', 'lː', 'a'], 0.11
181, ['#', 'ʃ', 'l', 'ɪ', 'ŋ', 'ə'], ['#', 's', 'n', 'ɑː', 'r', 'a'], 0.24
182, ['#', 'ʃ', 'p', 'uː', 'ɐ̯'], ['#', 's', 'p', 'oː', 'r'], 0.24
183, ['#', 'a', 'ʃ', '*', 'ə'], ['#', 'a', 'sː', 'k', 'a'], 0.31
184, ['#', 'd', 'ʁ', 'ɛ', 'k'], ['#', 'l', '*', 'uː', 'ʈ'], 0.39
186, ['#', 'ɡ', 'ɔ', 'l', 't'], ['#', 'ɡ', 'ɵ', 'lː', 'd'], 0.11
187, ['#', 'z', 'ɪ', 'l', 'b', 'ɐ', '*'], ['#', 's', 'ɪ', 'lː', 'v', 'ə', 'r'], 0.25
188, ['#', 'k', 'oː', 'l', 'ə'], ['#', 'k', 'uː', 'l', '*'], 0.22
189, ['#', 'ɡ', 'l', 'aː', 's'], ['#', 'ɡ', 'l', 'ɑː', 's'], 0.03
190, ['#', 'l', 'eː', 'm', '*'], ['#', 'l', 'eː', 'r', 'a'], 0.28
191, ['#', 'z', 'a', 'n', 't'], ['#', 's', 'a', 'nː', 'd'], 0.12
193, ['#', 'm', 'a', 'n'], ['#', 'm', 'a', 'nː'], 0.05
196, ['#', 'j', 'ʊ', '*', 'ŋ', 'ə'], ['#', 'p', 'ɔ', 'jː', 'k', 'ə'], 0.38
198, ['#', 'f', 'aː', 'm', 'iː', 'l', 'iː'], ['#', 'f', 'a', 'mː', 'ɪ', 'l', 'j'], 0.24
202, ['#', 'f', 'aː', 't', 'ɐ'], ['#', 'f', 'ɑː', 'r', '*'], 0.31
203, ['#', 'm', 'ʊ', 't', 'ɐ'], ['#', 'm', 'uː', 'r', '*'], 0.35
204, ['#', 'z', 'oː', 'n'], ['#', 's', 'uː', 'n'], 0.07
205, ['#', 't', 'ɔ', 'χ', 't', 'ɐ', '*'], ['#', 'd', 'ɔ', '*', 'tː', 'ə', 'r'], 0.35
206, ['#', 'b', 'ʁ', 'uː', 'd', 'ɐ'], ['#', 'b', 'r', 'uː', 'r', '*'], 0.27
207, ['#', 'ʃ', 'v', 'ɛ', 's', 't', 'ɐ', '*'], ['#', 's', '*', 'ʏ', 'sː', 't', 'ə', 'r'], 0.35
209, ['#', 't', 'a', 'n', 't', 'ə'], ['#', 't', 'a', 'nː', 't', '*'], 0.2
210, ['#', 'eː', '*', '*', 'ə', 'm', 'a', 'n'], ['#', 'ɛ', 'kː', 't', 'a', 'm', 'ɑː', 'n'], 0.35
212, ['#', 'f', 'ʁ', 'ɔ', 'ʏ̯', 'd', 'ə'], ['#', 'f', 'r', 'ø', 'jː', 'd', '*'], 0.38
212, ['#', 'f', 'ʁ', 'ɔ', 'ʏ̯', 'd', 'ə'], ['#', 'ɡ', 'l', 'ɛ', 'dː', 'j', 'ə'], 0.39
214, ['#', 'ɡ', 'l', 'ʏ', 'k', '*'], ['#', '*', 'l', 'ʏ', 'kː', 'a'], 0.37
217, ['#', 'l', 'ʊ', 's', 't'], ['#', 'l', 'ɵ', 'sː', 't'], 0.07
219, ['#', 'ɡ', 'ə', 'd', 'a', 'ŋ', 'k', 'ə'], ['#', '*', '*', 't', 'a', 'nː', 'k', 'ə'], 0.33
221, ['#', 'f', 'ɛ', 'ɐ̯', 'ʃ', 't', 'a', 'n', 't'], ['#', 'f', 'œ', 'rː', 's', 't', 'ɔ', 'n', 'd'], 0.21
223, ['#', 'ɡ', 'ʁ', 'ʊ', 'n', 't'], ['#', 'ɡ', 'r', 'ɵ', 'nː', 'd'], 0.16
230, ['#', 'n', 'aː', 'm', 'ə'], ['#', 'n', 'a', 'mː', 'n'], 0.27
231, ['#', 'ʁ', 'ɛ', 't͡s', 'ə', 'l'], ['#', 'ɡ', 'oː', 't', 'a', '*'], 0.37
233, ['#', 'ʃ', 'p', 'ʁ', 'a', 'χ', 'ə'], ['#', 's', 'p', 'r', 'oː', 'k', '*'], 0.35
234, ['#', 'ʃ', 't', 'ɪ', 'm', 'ə'], ['#', 's', 't', 'ɛ', 'mː', 'a'], 0.13
236, ['#', 't͡s', 'a', 'ɪ̯', 'ç', 'ə', 'n'], ['#', 't', 'ɛ', '*', 'kː', 'ə', 'n'], 0.24
237, ['#', 'ʁ', 'uː', 'f'], ['#', 'r', 'uː', 'p'], 0.17
238, ['#', '*', 'l', 'ɛ', '*', 'ɐ̯', 'm'], ['#', 'uː', 'v', 'ɛ', 's', 'ə', 'n'], 0.39
240, ['#', 't', 'oː', 'n'], ['#', 't', 'uː', 'n'], 0.02
242, ['#', 'ʁ', 'uː', 'ə'], ['#', 'r', 'uː', '*'], 0.35
244, ['#', 'f', 'ɔ', 'l', 'k'], ['#', 'f', 'ɔ', 'lː', 'k'], 0.04
245, ['#', 'a', 'ɐ̯', 'b', 'a', 'ɪ̯', 't', '*'], ['#', 'a', 'rː', 'b', 'ɛ', '*', 't', 'ə'], 0.39
246, ['#', 'ɡ', 'a', 's', 't'], ['#', 'j', 'ɛ', 'sː', 't'], 0.12
247, ['#', '*', 'ɡ', 'ɛ', 'ʃ', 'ɛ', 'ŋ', 'k'], ['#', 'p', 'r', 'eː', 's', 'ɛ', 'n', 't'], 0.27
248, ['#', 'ʃ', 'p', 'iː', 'l'], ['#', 's', 'p', 'eː', 'l'], 0.04
250, ['#', 'h', 'ɪ', 'l', 'f', 'ə'], ['#', 'j', 'ɛ', 'lː', 'p', '*'], 0.39
252, ['#', 'k', 'aː', 'm', 'eː', 'ʁ', 'aː', 't'], ['#', 'k', 'a', 'mː', '*', 'r', 'a', 't'], 0.24
253, ['#', 'a', 'ŋ', 'eː', 'l', 'eː', 'ɡ', 'ɛ', 'n', 'h', 'a', 'ɪ̯', 't'], ['#', 'a', 'ŋː', 'ɛ', 'l', 'ɛ', 'j', 'ɛ', 'n', 'h', 'ə', '*', 't'], 0.17
254, ['#', 'a', 'n', 't͡s', 'aː', 'l'], ['#', 'a', 'nː', 't', 'a', 'l'], 0.08
255, ['#', 'a', 'ɐ̯', 't'], ['#', 'ɑː', '*', 'ʈ'], 0.38
256, ['#', 'ʃ', 't', 'ʏ', 'k', '*'], ['#', 's', 't', 'ʏ', 'kː', 'ə'], 0.22
257, ['#', 't', 'a', 'ɪ̯', 'l'], ['#', 'd', 'eː', '*', 'l'], 0.31
258, ['#', 'h', 'ɛ', 'l', 'f', 't', 'ə'], ['#', 'h', 'a', 'lː', 'v', '*', 'a'], 0.25
259, ['#', 'k', 'ʁ', 'a', 'ɪ̯', 's'], ['#', 'k', 'r', 'ɛ', 'tː', 's'], 0.25
260, ['#', 'k', 'ʁ', 'ɔ', 'ʏ̯', 't͡s'], ['#', 'k', '*', 'ɔ', 'rː', 's'], 0.35
260, ['#', 'k', 'ʁ', 'ɔ', 'ʏ̯', 't͡s'], ['#', 'k', 'r', '*', 'ʏ', 'sː'], 0.31
261, ['#', 'l', 'iː', 'n', '*', 'iː'], ['#', 'l', 'ɪ', 'nː', 'j', 'ə'], 0.33
262, ['#', 'ʃ', 't', 'ʁ', 'ɪ', 'ç'], ['#', 's', 't', 'r', 'ɛ', 'kː'], 0.21
263, ['#', 'a', 'b', 's', 't', 'a', 'n', 't'], ['#', 'a', 'vː', 's', 't', 'ɔ', 'n', 'd'], 0.14
264, ['#', 'ɛ', 'n', 't', 'f', 'ɛ', 'ɐ̯', 'n', 'ʊ', 'ŋ'], ['#', 'a', 'vː', 's', 't', 'ɔ', '*', 'n', '*', 'd'], 0.38
266, ['#', 'p', 'l', 'a', '*', 't͡s'], ['#', 'p', 'l', 'a', 'tː', 's'], 0.18
268, ['#', 'z', 'a', 'ɪ̯', 't', 'ə'], ['#', 's', 'iː', '*', 'd', 'a'], 0.33
269, ['#', 'm', 'ɪ', 't', 'ə'], ['#', 'm', 'ɪ', 'tː', '*'], 0.24
271, ['#', 'z', 'a', 'χ', 'ə'], ['#', 's', 'ɑː', 'k', '*'], 0.37
272, ['#', 'ʁ', 'a', 'n', 't'], ['#', 'r', 'a', 'nː', 'd'], 0.16
273, ['#', 'k', 'a', 'n', 't', 'ə'], ['#', 'k', 'a', 'nː', 't', '*'], 0.2
275, ['#', 'ʃ', 'p', 'ɪ', 't͡s', 'ə'], ['#', 's', 'p', 'ɛ', 'tː', 's'], 0.27
276, ['#', 'ɛ', 'n', 'd', 'ə'], ['#', 'ɛ', 'nː', 'd', 'a'], 0.09
277, ['#', 'l', 'ɔ', 'χ'], ['#', 'h', 'oː', 'l'], 0.36
278, ['#', 'v', 'ɪ', 'ŋ', 'k', 'ə', 'l'], ['#', 'v', 'ɪ', 'nː', 'k', 'ə', 'l'], 0.06
279, ['#', 'm', 'ʊ', '*', 's', 't', 'ɐ', '*'], ['#', 'm', 'ø', 'nː', 's', 't', 'ə', 'r'], 0.29
281, ['#', 'l', 'ɛ', 'ŋ', 'ə'], ['#', 'l', 'ɛ', 'ŋː', 'd'], 0.24
282, ['#', 'h', 'øː', 'h', 'ə'], ['#', 'h', 'ø', 'jː', 'd'], 0.39
284, ['#', 'm', 'ɛ', 'ŋ', 'ə'], ['#', 'm', 'ɛ', 'ŋː', 'd'], 0.24
287, ['#', 'b', 'oː', 't'], ['#', 'b', 'oː', 't'], 0.0
288, ['#', 'ʁ', 'uː', 'd', 'ɐ'], ['#', '*', 'oː', 'r', 'a'], 0.29
289, ['#', 'ʃ', 'l', 'ɪ', 't', 'ə', 'n'], ['#', 's', 'l', 'ɛː', 'd', 'ə', '*'], 0.25
290, ['#', 's', '*', 'k', 'iː'], ['#', 'ɧ', 'iː', 'd', 'a'], 0.35
292, ['#', 'l', 'a', 's', 't'], ['#', 'l', 'a', 'sː', 't'], 0.04
293, ['#', 'ɡ', 'a', 'ŋ'], ['#', 'ɡ', 'ɔ', 'ŋː'], 0.15
294, ['#', 'ʃ', 'ʁ', 'ɪ', 't'], ['#', 's', 't', 'eː', 'ɡ'], 0.29
296, ['#', 'z', 'yː', 'd', 'ə', 'n'], ['#', 's', 'øː', 'd', 'ə', 'r'], 0.08
297, ['#', 'v', 'ɛ', 's', 't', 'ə', 'n'], ['#', 'v', 'ɛ', 'sː', 't', 'ə', 'r'], 0.06
298, ['#', 'ɔ', 's', 't', 'ə', 'n'], ['#', 'ø', 'sː', 't', 'ə', 'r'], 0.11
300, ['#', 'b', 'ʁ', 'ɛ', 't', '*'], ['#', 'b', 'r', 'ɛː', 'd', 'a'], 0.29
301, ['#', 'p', 'l', 'a', 't', 'ə'], ['#', 'p', 'l', 'a', 'tː', 'a'], 0.07
302, ['#', 'ʃ', 't', 'ʏ', 't͡s', 'ə'], ['#', 's', 't', 'øː', 'd', '*'], 0.29
302, ['#', 'ʃ', 't', 'ʏ', 't͡s', 'ə'], ['#', 's', 't', 'ø', 'tː', 'a'], 0.14
303, ['#', 'ʃ', 't', 'a', 'ŋ', 'ə'], ['#', 's', 't', 'ɔ', 'ŋː', '*'], 0.29
304, ['#', 'ʃ', 't', 'ɔ', 'k'], ['#', 'ɕ', '*', 'ɛ', 'pː'], 0.37
305, ['#', 'ʃ', 't', 'aː', 'p'], ['#', 's', 't', 'ɑː', 'v'], 0.15
307, ['#', 'h', 'a', 'ʊ̯', 's'], ['#', 'h', '*', 'ʉː', 's'], 0.3
308, ['#', 'h', 'a', 'ɪ̯', 'm'], ['#', 'h', 'ɛ', '*', 'mː'], 0.26
311, ['#', 't', 'ɪ', 'ʃ'], ['#', 'b', 'uː', 'ɖ'], 0.37
312, ['#', 'ʃ', 't', 'uː', 'l'], ['#', 's', 't', 'uː', 'l'], 0.02
313, ['#', 'v', 'iː', 'ɡ', 'ə'], ['#', 'v', 'a', 'ɡː', 'a'], 0.16
314, ['#', 'b', 'ɛ', 't'], ['#', 's', 'ɛ', 'ŋː'], 0.35
317, ['#', 'f', 'ɛ', 'n', 's', 't', 'ɐ', '*'], ['#', 'f', 'ø', 'nː', 's', 't', 'ə', 'r'], 0.19
318, ['#', 't', 'yː', 'ɐ̯'], ['#', 'd', 'œ', 'rː'], 0.38
319, ['#', 't', 'oː', 'ɐ̯'], ['#', 'p', 'uː', 'ʈ'], 0.32
321, ['#', 'd', 'a', 'χ'], ['#', 't', 'ɑː', 'k'], 0.21
324, ['#', 'ʃ', 'p', 'aː', 't', 'ə', 'n'], ['#', 's', 'p', 'ɑː', 'd', 'ə', '*'], 0.21
325, ['#', 'ʃ', 'a', 'ʊ̯', 'f', 'ə', 'l'], ['#', 's', 'k', 'uː', 'v', 'ə', 'l'], 0.26
325, ['#', 'ʃ', 'a', 'ʊ̯', 'f', 'ə', 'l'], ['#', 'ɧ', 'ʏ', 'f', 'fː', 'ə', 'l'], 0.25
326, ['#', 'ɡ', 'aː', '*', 'b', 'ə', 'l'], ['#', 'ɡ', 'a', 'f', 'fː', 'ə', 'l'], 0.27
330, ['#', 'n', 'ɛ', 't͡s'], ['#', 'n', 'ɛː', 't'], 0.07
333, ['#', 'ʃ', 'l', 'ɔ', 's'], ['#', '*', 'l', 'ɑː', 's'], 0.28
334, ['#', 'b', 'ɪ', 'l', 't'], ['#', 'b', 'ɪ', 'lː', 'd'], 0.08
335, ['#', 'f', 'iː', 'ɡ', 'uː', 'ɐ̯'], ['#', 'f', 'iː', 'ɡ', 'ɵ', 'r'], 0.22
336, ['#', 'p', 'ʊ', 'p', 'ə'], ['#', 'd', 'ɔ', 'kː', 'a'], 0.26
337, ['#', 'b', 'ɔ', 'ʏ̯', 't', 'ə', 'l'], ['#', 'p', 'oː', '*', 's', 'ə', '*'], 0.38
338, ['#', 'b', 'ʏ', 'n', 'd', 'ə', 'l'], ['#', 'b', 'ɵ', 'nː', 't', '*', '*'], 0.37
339, ['#', 't', 'a', 'ʃ', '*', 'ə'], ['#', 'v', 'ɛ', 'sː', 'k', 'a'], 0.36
342, ['#', 'ɡ', 'ɛ', '*', 'ʃ', 'ɪ', 'ʁ'], ['#', 's', 'ɛ', 'rː', 'v', 'ɪ', 's'], 0.34
343, ['#', 'z', 'a', 'k'], ['#', 's', 'ɛ', 'kː'], 0.12
346, ['#', 'k', 'ɛ', 's', 'ə', 'l'], ['#', 'ɕ', 'ɪ', 'tː', 'ə', 'l'], 0.18
348, ['#', 'n', 'aː', 'ʁ', 'ʊ', 'ŋ'], ['#', 'n', 'æː', 'r', 'ɪ', 'ŋ'], 0.12
353, ['#', 'b', 'ʁ', 'oː', 't'], ['#', 'b', 'r', 'øː', 'd'], 0.15
354, ['#', 'ʃ', 'a', 'ɪ̯', 'b', 'ə'], ['#', 'ɧ', 'iː', '*', 'v', 'a'], 0.33
355, ['#', 'f', 'ɛ', 't'], ['#', 'f', 'ɛ', 'tː'], 0.05
358, ['#', 'z', 'a', 'l', 't͡s'], ['#', 's', 'a', 'lː', 't'], 0.1
359, ['#', 'z', 'ʊ', 'p', 'ə'], ['#', 's', 'ɔ', 'pː', 'a'], 0.18
360, ['#', 'h', 'oː', 'n', 'ɪ', 'ç'], ['#', 'h', 'uː', 'n', 'ɵ', 'ŋ'], 0.15
361, ['#', 'm', '*', 'ɪ', 'l', 'ç'], ['#', 'm', 'j', 'ø', 'lː', 'k'], 0.31
362, ['#', 't', 'eː'], ['#', 't', 'eː'], 0.0
363, ['#', 'l', 'eː', 'd', 'ɐ', '*'], ['#', 'l', 'ɛː', 'd', 'ə', 'r'], 0.19
364, ['#', 'v', 'ɔ', 'l', 'ə'], ['#', '*', 'ʏ', 'lː', 'ə'], 0.31
365, ['#', 'ʃ', 't', 'ɔ', 'f', '*'], ['#', 's', 't', 'ɔ', 'f', 'fː'], 0.18
367, ['#', 'f', 'aː', 'd', 'ə', 'n'], ['#', 't', '*', 'r', 'oː', 'd'], 0.37
368, ['#', 'k', 'n', 'ɔ', 'p͡f'], ['#', 'k', 'n', 'a', 'pː'], 0.14
369, ['#', 'k', 'n', 'oː', 't', 'ə', 'n'], ['#', 'k', 'n', 'ʉː', 't', '*', '*'], 0.31
370, ['#', 'f', 'a', 'ɐ̯', 'b', 'ə'], ['#', 'f', 'æ', 'rː', 'ɡ', '*'], 0.38
371, ['#', 'k', 'l', 'a', 'ɪ̯', 'd', 'ʊ', 'ŋ'], ['#', 'k', 'l', 'ɛ', 'dː', 's', 'ə', 'l'], 0.28
373, ['#', 'k', 'ʁ', 'aː', 'ɡ', 'ə', 'n'], ['#', 'k', 'r', 'ɑː', 'ɡ', 'ə', '*'], 0.22
376, ['#', 'ɡ', 'ʏ', 'ɐ̯', 't', 'ə', 'l'], ['#', 'b', 'ɛ', 'lː', 't', 'ə', '*'], 0.37
377, ['#', 'm', 'ʏ', 't͡s', 'ə'], ['#', 'm', 'ø', 'sː', 'a'], 0.14
378, ['#', 'ʃ', '*', 'uː'], ['#', 's', 'k', 'uː'], 0.28
379, ['#', 'ʃ', 't', 'iː', 'f', 'ə', 'l'], ['#', 's', 't', 'øː', 'v', 'ə', 'l'], 0.08
380, ['#', 'ʁ', 'ɪ', 'ŋ'], ['#', 'r', 'ɪ', 'ŋː'], 0.15
381, ['#', 'b', 'a', 'n', 't'], ['#', 'b', 'a', 'nː', 'd'], 0.08
382, ['#', 'k', 'a', 'm'], ['#', 'k', 'a', 'mː'], 0.05
383, ['#', 'ʃ', 'p', 'iː', 'ɡ', 'ə', 'l'], ['#', 's', 'p', 'eː', 'ɡ', 'ə', 'l'], 0.03
385, ['#', 'ʃ', 'n', 'uː', '*', 'ɐ̯'], ['#', 's', 'n', 'œː', 'r', 'ə'], 0.28
386, ['#', 'l', 'a', 'ɪ̯', 'n', 'ə'], ['#', 'l', 'iː', '*', 'n', 'a'], 0.26
387, ['#', 'd', 'ɛ', 'k', 'ə'], ['#', 't', 'ɛ', 'kː', 'ə'], 0.08
388, ['#', 'k', 'ɪ', 's', 'ə', 'n'], ['#', 'k', 'ɵ', 'dː', 'ə', '*'], 0.32
389, ['#', 't', 'uː', 'χ'], ['#', 'ɧ', 'ɑː', 'l'], 0.28
390, ['#', 'h', 'a', 'n', 't', 'uː', 'χ'], ['#', 'h', 'a', 'nː', 'd', 'ɵ', 'k'], 0.15
391, ['#', 'k', 'ʁ', 'a', 'f', 't'], ['#', 'k', 'r', 'a', 'fː', 't'], 0.1
392, ['#', 'ʃ', 't', 'ɛ', 'ɐ̯', 'k', 'ə'], ['#', 's', 't', 'ʏ', 'rː', 'k', 'a'], 0.25
395, ['#', 'ʃ', 'm', 'ɛ', 'ɐ̯', 't͡s', '*'], ['#', 's', 'm', 'æː', '*', 'ʈ', 'a'], 0.38
397, ['#', 'f', 'iː', 'b', 'ɐ', '*'], ['#', 'f', 'eː', 'b', 'ə', 'r'], 0.19
400, ['#', 'b', 'ʁ', 'ʊ', 'n', 'ə', 'n'], ['#', 'b', '*', '*', 'r', 'ɵ', 'nː'], 0.38
401, ['#', 'v', 'a', 'ɪ̯', 'd', 'ə'], ['#', 'b', 'eː', '*', 't', 'ə'], 0.31
402, ['#', '*', 'p͡f', 'aː', 't'], ['#', 's', 't', 'iː', 'ɡ'], 0.37
403, ['#', 'v', 'eː', 'k'], ['#', 'v', 'ɛː', 'ɡ'], 0.07
406, ['#', 'ʃ', 't', 'a', 't'], ['#', 's', 't', 'ɑː', 'd'], 0.13
407, ['#', 'b', 'ʁ', 'iː', 'f'], ['#', 'b', 'r', 'eː', 'v'], 0.14
408, ['#', 'b', 'uː', 'χ'], ['#', 'b', 'uː', 'k'], 0.07
409, ['#', 'b', 'ʊ', 'k', 's', 't', 'aː', 'b', 'ə'], ['#', 'b', 'ɔ', 'kː', 's', 't', 'a', 'v', '*'], 0.21
410, ['#', 't͡s', 'a', 'ɪ̯', 't', 'ʊ', 'ŋ'], ['#', 't', 'iː', 'd', 'n', 'ɪ', 'ŋ'], 0.3
411, ['#', 'l', 'eː', 'b', 'ə', 'n'], ['#', 'l', 'iː', '*', '*', 'v'], 0.4
412, ['#', 't', 'oː', 't'], ['#', 'd', 'øː', 'd'], 0.14
413, ['#', 'ɡ', 'ʁ', 'aː', 'p'], ['#', 'ɡ', 'r', 'ɑː', 'v'], 0.21
414, ['#', 'k', 'ɪ', 'ɐ̯', 'ç', 'ə'], ['#', 'ɕ', 'ʏ', 'rː', 'k', 'a'], 0.35
415, ['#', 'z', 'ʏ', 'n', 'd', 'ə'], ['#', 's', 'ʏ', 'nː', 'd', '*'], 0.23
416, ['#', 'ɡ', 'ɔ', 't'], ['#', 'ɡ', 'ʉː', 'd'], 0.15
417, ['#', 'a', 'ɐ̯', 'b', 'a', '*', 'ɪ̯', 't', 'ɐ'], ['#', 'a', 'rː', 'b', 'ɛ', 't', 'a', 'r', 'ə'], 0.33
418, ['#', 'ʃ', 'ɛ', 'f'], ['#', 'ɧ', 'eː', 'f'], 0.09
419, ['#', 'm', 'a', 'ɪ̯', 's', '*', 't', 'ɐ'], ['#', 'm', 'ɛ', 'sː', 't', 'a', 'r', 'ə'], 0.35
421, ['#', 'l', 'eː', '*', '*', 'ʁ', 'ɐ'], ['#', 'l', 'æː', 'r', 'a', 'r', 'ə'], 0.38
425, ['#', 'p', 'ʁ', 'a', 'ɪ̯', 's'], ['#', 'p', 'r', 'iː', '*', 's'], 0.29
426, ['#', 'v', 'aː', 'ʁ', 'ə'], ['#', 'v', 'ɑː', 'r', 'a'], 0.16
427, ['#', 'n', 'ʊ', 't͡s', 'ə', 'n'], ['#', 'n', 'ʏ', 'tː', 'a', '*'], 0.27
428, ['#', 'ʁ', 'a', 'ɪ̯', 'ç', '*', 't', 'uː', 'm'], ['#', 'r', 'iː', '*', 'ɕ', 'ɛ', 'd', 'ɔ', 'm'], 0.37
429, ['#', 'v', 'ɛ', 'l', 't'], ['#', 'v', 'æ', 'ɭː', 'd'], 0.14
430, ['#', 'l', 'a', 'n', 't'], ['#', 'l', 'a', 'nː', 'd'], 0.08
431, ['#', 'ʃ', 't', 'aː', 't'], ['#', 's', 't', 'ɑː', 't'], 0.05
432, ['#', 'k', 'øː', 'n', 'ɪ', 'ç'], ['#', 'k', 'uː', 'n', 'ɵ', 'ŋ'], 0.18
433, ['#', 'm', 'a', 'χ', 't'], ['#', 'm', 'a', 'kː', 't'], 0.1
434, ['#', 'ɡ', 'ʁ', 'ɛ', 'n', 't͡s', 'ə'], ['#', 'ɡ', 'r', 'ɛ', 'nː', 's', '*'], 0.24
435, ['#', 'k', 'ʁ', 'ɪ', 'ç'], ['#', 'k', 'r', 'iː', 'ɡ'], 0.25
436, ['#', 'f', 'a', 'ɪ̯', 'n', 't', '*'], ['#', 'f', 'iː', 'ɛ', 'n', 'd', 'ə'], 0.28
438, ['#', 'k', 'a', 'm', 'p͡f'], ['#', 'k', 'a', 'mː', 'p'], 0.06
439, ['#', 'b', 'oː', 'ɡ', 'ə', 'n'], ['#', 'b', 'oː', 'ɡ', 'ə', '*'], 0.17
440, ['#', 'p͡f', 'a', 'ɪ̯', 'l'], ['#', 'p', 'iː', '*', 'l'], 0.29
441, ['#', 'ɡ', 'eː', 'v', 'eː', 'ʁ'], ['#', 'j', 'eː', 'v', 'æ', 'r'], 0.17
442, ['#', 'f', 'eː', 'l', 'ɐ'], ['#', 'f', 'eː', 'l', '*'], 0.2
443, ['#', 'l', 'yː', 'ɡ', 'ə'], ['#', 'l', 'ø', 'ŋː', 'n'], 0.33
444, ['#', 'ʃ', '*', 'aː', 'd', 'ə', 'n'], ['#', 's', 'k', 'ɑː', 'd', 'a', '*'], 0.36
445, ['#', 'ʊ', 'ŋ', 'l', 'ʏ', 'k', '*'], ['#', 'uː', '*', 'l', 'ʏ', 'k', 'a'], 0.33
446, ['#', 'ʃ', '*', 'ʊ', 'l', 't'], ['#', 's', 'k', 'ɵ', 'lː', 'd'], 0.28
447, ['#', 'a', 'l', 't', 'ɐ', '*'], ['#', 'ɔ', 'lː', 'd', 'ə', 'r'], 0.32
448, ['#', 'ʃ', 'l', 'ʊ', 's'], ['#', 's', 'l', 'ʉː', 't'], 0.13
449, ['#', 't͡s', 'a', 'ɪ̯', 't'], ['#', 't', 'iː', '*', 'd'], 0.33
450, ['#', 't', 'aː', 'k'], ['#', 'd', 'ɑː', 'ɡ'], 0.14
451, ['#', 'm', 'ɔ', 'ɐ̯', 'ɡ', 'ə', 'n'], ['#', 'm', 'ɔ', 'rː', 'ɡ', 'ɔ', 'n'], 0.19
452, ['#', 'm', 'ɪ', 't', 'aː', 'k'], ['#', 'm', 'ɪ', 'dː', 'a', 'ɡ'], 0.13
454, ['#', 'n', 'a', 'χ', 't'], ['#', 'n', 'a', '*', 'tː'], 0.24
455, ['#', 'v', 'ɔ', 'χ', 'ə'], ['#', 'v', 'ɛ', 'kː', 'a'], 0.22
456, ['#', 'm', 'oː', 'n', 'aː', 't'], ['#', 'm', 'oː', 'n', 'a', 'd'], 0.06
459, ['#', 'z', 'ɔ', 'm', 'ɐ', '*'], ['#', 's', 'ɔ', 'mː', 'a', 'r'], 0.26
460, ['#', 'h', 'ɛ', 'ɐ̯', 'b', 's', 't'], ['#', 'h', 'ø', '*', '*', 'sː', 't'], 0.35
461, ['#', 'v', 'ɪ', 'n', 't', 'ɐ', '*'], ['#', 'v', 'ɪ', 'nː', 't', 'ə', 'r'], 0.18
462, ['#', 'j', 'aː', 'n', 'uː', 'aː', '*', 'ɐ̯'], ['#', 'j', 'ɑː', 'n', 'ɵ', 'a', 'r', 'ɪ'], 0.26
463, ['#', 'f', 'ɛ', 'b', 'ʁ', 'uː', 'aː', '*', 'ɐ̯'], ['#', 'f', 'eː', 'b', 'r', 'ɵ', 'a', 'r', 'ɪ'], 0.29
464, ['#', 'm', 'ɛ', 'ɐ̯', 't͡s'], ['#', 'm', 'a', 'rː', 's'], 0.24
465, ['#', 'a', 'p', 'ʁ', 'iː', 'l'], ['#', 'ɑː', 'p', 'r', 'ɪ', 'l'], 0.18
466, ['#', 'm', 'aː', 'iː'], ['#', 'm', 'a', 'jː'], 0.29
467, ['#', 'j', 'uː', 'n', 'iː'], ['#', 'j', 'ʉː', 'n', 'ɪ'], 0.08
468, ['#', 'j', 'uː', 'l', 'iː'], ['#', 'j', 'ʉː', 'l', 'ɪ'], 0.08
469, ['#', 'a', 'ʊ̯', 'ɡ', 'ʊ', 's', 't', '*'], ['#', 'ɑː', 'ɵ', 'ɡ', 'ɵ', 's', 't', 'ɪ'], 0.23
470, ['#', 'z', 'ɛ', 'p', 't', 'ɛ', 'm', 'b', 'ɐ', '*'], ['#', 's', 'ɛ', 'pː', 't', 'ɛ', 'm', 'b', 'ə', 'r'], 0.15
471, ['#', 'ɔ', 'k', 't', 'oː', 'b', 'ɐ', '*'], ['#', 'ɔ', 'kː', 't', 'ɔ', 'b', 'ə', 'r'], 0.19
472, ['#', 'n', 'oː', 'f', 'ɛ', 'm', 'b', 'ɐ', '*'], ['#', 'n', 'uː', 'v', 'ɛ', 'm', 'b', 'ə', 'r'], 0.15
473, ['#', 'd', 'eː', 't͡s', 'ɛ', 'm', 'b', 'ɐ', '*'], ['#', 'd', 'eː', 's', 'ɛ', 'm', 'b', 'ə', 'r'], 0.13
474, ['#', 'm', 'ɔ', 'n', 't', 'aː', 'k'], ['#', 'm', 'ɔ', 'nː', 'd', 'a', 'ɡ'], 0.11
475, ['#', 'd', 'iː', 'n', 's', 't', 'aː', 'k'], ['#', 't', 'ɪ', '*', 'sː', 'd', 'a', 'ɡ'], 0.29
477, ['#', 'd', 'ɔ', 'n', 'ɛ', 'ɐ̯', 's', 't', 'aː', 'k'], ['#', 't', 'ɔ', 'rː', '*', '*', 's', 'd', 'a', 'ɡ'], 0.32
478, ['#', 'f', 'ʁ', 'a', 'ɪ̯', 't', 'aː', 'k'], ['#', 'f', 'r', 'eː', '*', 'd', 'a', 'ɡ'], 0.29
480, ['#', 'z', 'ɔ', 'n', 't', 'aː', 'k'], ['#', 's', 'ø', 'nː', 'd', 'a', 'ɡ'], 0.17
482, ['#', 'k', 'l', 'a', '*', 'ɪ̯', 'n'], ['#', '*', 'l', 'iː', 't', 'ə', 'n'], 0.38
483, ['#', 'l', 'a', 'ŋ'], ['#', 'l', 'ɔ', 'ŋː'], 0.15
484, ['#', 'k', 'ʊ', 'ɐ̯', 't͡s'], ['#', 'k', 'uː', '*', 'ʈ'], 0.33
485, ['#', 'b', 'ʁ', 'a', 'ɪ̯', 't'], ['#', 'b', 'r', 'eː', '*', 'd'], 0.32
486, ['#', 'ʃ', 'm', 'aː', 'l'], ['#', 's', 'm', 'ɑː', 'l'], 0.05
487, ['#', 'd', 'ɪ', 'ç', 't'], ['#', 't', 'ɛː', '*', 't'], 0.32
488, ['#', 'd', 'ɪ', 'k'], ['#', 'ɕ', 'ɔ', 'kː'], 0.3
489, ['#', 'd', 'ʏ', 'n'], ['#', 't', 'ɵ', 'nː'], 0.14
490, ['#', 'f', 'a', 'ɪ̯', 'n'], ['#', 'f', 'iː', '*', 'n'], 0.27
491, ['#', 'f', 'ɛ', 's', 't'], ['#', 'f', 'a', 'sː', 't'], 0.06
492, ['#', 'f', 'l', 'a', 'χ'], ['#', 'p', 'l', 'a', 'tː'], 0.18
493, ['#', 'ɡ', 'l', 'a', 't'], ['#', 'ɡ', 'l', 'a', 'tː'], 0.04
496, ['#', 'ʁ', 'ʊ', 'n', 't'], ['#', 'r', 'ɵ', 'nː', 'd'], 0.19
497, ['#', 'ʃ', '*', 'p', 'ɪ', 't͡s'], ['#', 't', 'ɔ', 'pː', 'ɪ', 'ɡ'], 0.33
498, ['#', 'ʃ', 'a', 'ɐ̯', 'f'], ['#', 'v', 'a', '*', 'sː'], 0.34
498, ['#', 'ʃ', '*', 'a', 'ɐ̯', 'f'], ['#', 's', 'k', 'a', 'rː', 'p'], 0.4
501, ['#', 'ʃ', 'øː', 'n'], ['#', 'ɧ', 'øː', 'n'], 0.03
502, ['#', 'h', 'a', 'ɪ̯', 's'], ['#', 'h', 'eː', '*', 't'], 0.31
503, ['#', 'v', 'a', 'ɐ̯', 'm'], ['#', 'v', 'a', 'rː', 'm'], 0.2
504, ['#', 'k', 'a', 'l', 't'], ['#', 'k', 'a', 'lː', '*'], 0.24
505, ['#', 'k', '*', 'yː', 'l'], ['#', 's', 'v', 'ɑː', 'l'], 0.38
505, ['#', 'k', 'yː', 'l', '*', '*'], ['#', 'ɕ', 'yː', 'l', 'ɪ', 'ɡ'], 0.4
508, ['#', 'n', 'a', 's'], ['#', 'v', 'oː', 't'], 0.29
510, ['#', 'f', 'ɔ', 'l'], ['#', 'f', 'ɵ', 'lː'], 0.09
512, ['#', 'ɔ', 'f', 'ə', 'n'], ['#', 'ø', 'pː', 'ə', 'n'], 0.15
515, ['#', 'ʃ', 'm', 'ʊ', '*', 't͡s', 'ɪ', 'ç'], ['#', 's', 'n', 'ɵ', 'sː', 'ɕ', 'ɪ', 'ɡ'], 0.27
516, ['#', 'ʁ', 'oː', 'h'], ['#', 'r', 'oː', '*'], 0.35
518, ['#', 'l', 'ɛ', 'k', 'ɐ', '*'], ['#', 'l', 'ɛ', 'kː', 'ə', 'r'], 0.21
519, ['#', 'z', 'yː', 's'], ['#', 's', 'øː', 't'], 0.12
520, ['#', 'b', 'ɪ', 't', 'ɐ'], ['#', 'b', 'ɛ', 'sː', 'k'], 0.33
520, ['#', 'b', 'ɪ', 't', 'ɐ', '*'], ['#', 'b', 'ɪ', 'tː', 'ə', 'r'], 0.21
522, ['#', 'h', 'ɛ', 'l'], ['#', 'j', 'ʉː', 's'], 0.4
524, ['#', 'ʃ', 'v', 'a', 'ɐ̯', 't͡s'], ['#', 's', 'v', 'ɑː', '*', 'ʈ'], 0.29
525, ['#', 'v', 'a', 'ɪ̯', 's'], ['#', 'v', 'iː', '*', 't'], 0.31
526, ['#', 'ʁ', 'oː', 't'], ['#', 'r', 'øː', 'd'], 0.19
527, ['#', 'ɡ', 'ɛ', 'l', 'p'], ['#', 'ɡ', 'ʉː', 'l', '*'], 0.32
528, ['#', 'b', 'l', 'a', 'ʊ̯'], ['#', 'b', 'l', '*', 'oː'], 0.3
529, ['#', 'ɡ', 'ʁ', 'yː', 'n'], ['#', 'ɡ', 'r', 'øː', 'n'], 0.1
530, ['#', 'ɡ', 'ʁ', 'a', 'ʊ̯'], ['#', 'ɡ', 'r', '*', 'oː'], 0.38
532, ['#', 'b', 'ɪ', 'l', 'ɪ', 'ç'], ['#', 'b', 'ɪ', 'lː', 'ɪ', 'ɡ'], 0.12
534, ['#', 'v', 'ɛ', '*', 'ɐ̯', 't', 'f', 'ɔ', 'l'], ['#', 'v', 'æː', 'ɖ', 'ɛ', '*', 'f', 'ɵ', 'l'], 0.31
535, ['#', 'b', 'l', 'ɪ', 'n', 't'], ['#', 'b', 'l', 'ɪ', 'nː', 'd'], 0.07
537, ['#', 'k', 'ʁ', 'ɛ', 'f', 't', 'ɪ', 'ç'], ['#', 'k', 'r', 'a', 'fː', 't', 'ɪ', 'ɡ'], 0.15
538, ['#', 'ʃ', 't', 'a', 'ɐ̯', 'k'], ['#', 's', 't', 'a', 'rː', 'k'], 0.18
539, ['#', 'ʃ', 'v', 'a', 'χ'], ['#', 's', 'v', 'ɑː', 'ɡ'], 0.19
540, ['#', 'f', 'ɛ', 't'], ['#', 'f', 'eː', 't'], 0.06
541, ['#', 'ʃ', 'l', 'a', 'ŋ', 'k'], ['#', 's', 'l', 'a', 'nː', 'k'], 0.08
544, ['#', 'd', 'ʊ', 'm'], ['#', 'd', 'ɵ', 'mː'], 0.09
546, ['#', 'f', 'l', 'a', 'ɪ̯', 's', 'ɪ', 'ç'], ['#', 'f', 'l', 'iː', '*', 't', 'ɪ', 'ɡ'], 0.25
547, ['#', 'ɡ', 'a', 'ɪ̯', 't͡s', 'ɪ', 'ç'], ['#', 'j', 'iː', '*', 'r', 'ɪ', 'ɡ'], 0.33
548, ['#', 'k', 'l', 'uː', 'k'], ['#', 'k', 'l', 'uː', 'k'], 0.0
550, ['#', 'l', 'iː', 'p'], ['#', 'ɕ', 'æː', 'r'], 0.32
551, ['#', 'l', 'ʊ', 's', 't', 'ɪ', 'ç'], ['#', 'r', 'uː', '*', 'l', 'ɪ', 'ɡ'], 0.35
551, ['#', 'l', 'ʊ', 's', 't', 'ɪ', 'ç'], ['#', 'l', 'ɵ', 'sː', 't', 'ɪ', 'ɡ'], 0.12
552, ['#', 'z', 'a', 'n', 'f', 't'], ['#', 'm', 'ɪ', 'lː', '*', 'd'], 0.38
553, ['#', 'h', 'ʊ', 'ŋ', 'ʁ', 'ɪ', 'ç'], ['#', 'h', 'ɵ', 'ŋː', 'r', 'ɪ', 'ɡ'], 0.18
555, ['#', 'n', 'a', 'k', '*', 't'], ['#', 'n', 'ɑː', 'k', 'ə', 'n'], 0.29
557, ['#', 'l', 'eː', 'b', 'ɛ', 'n', 'd', 'ɪ', 'ç'], ['#', 'l', 'eː', 'v', 'a', 'n', 'd', 'ə', '*'], 0.17
560, ['#', 'ʁ', 'ɪ', 'ç', 't', 'ɪ', 'ç'], ['#', 'r', 'ɪ', 'kː', 't', 'ɪ', 'ɡ'], 0.2
562, ['#', 'v', 'aː', 'ɐ̯'], ['#', 's', 'a', 'nː'], 0.37
564, ['#', 'n', 'ɔ', 'ʏ̯'], ['#', 'n', '*', 'yː'], 0.38
567, ['#', 'j', 'ʊ', 'ŋ'], ['#', '*', 'ɵ', 'ŋː'], 0.34
571, ['#', 'b', 'ə', 'ʁ', 'yː', 'm', 't'], ['#', 'b', 'ə', 'r', 'ø', 'mː', 'd'], 0.15
573, ['#', 'f', 'ɛ', 'ɐ̯', 'ʃ', 'iː', 'd', 'ə', 'n'], ['#', '*', 'ɔ', 'tː', 'ɧ', 'ɪ', 'l', 'ɪ', 'ɡ'], 0.39
579, ['#', '*', 'ɛ', 'ɐ̯', 's', 't', 'ɐ'], ['#', 'f', 'œ', 'rː', 's', 't', 'a'], 0.33
581, ['#', 'd', 'ʁ', 'ɪ', 't', '*', 'ɐ'], ['#', 't', 'r', 'ɛ', 'dː', 'j', 'ə'], 0.33
582, ['#', 'l', 'ɛ', 't͡s', 't', 'ɐ'], ['#', 's', 'ɪ', 'sː', 't', '*'], 0.33
583, ['#', 'a', 'l', 'a', 'ɪ̯', 'n', '*'], ['#', 'a', 'lː', 'ɛ', '*', 'n', 'a'], 0.33
585, ['#', 't͡s', '*', 'uː', 'z', 'a', 'm', 'ə', 'n', '*'], ['#', 't', 'ɪ', 'lː', 's', 'a', 'm', 'a', 'n', 's'], 0.36
586, ['#', 'l', 'a', 'ŋ', 'ə'], ['#', 'l', 'ɛ', 'ŋː', 'ə'], 0.06
587, ['#', 'p', 'l', 'œ', '*', 't͡s', 'l', 'ɪ', '*', 'ç'], ['#', 'p', 'l', 'ø', 'tː', 's', 'l', 'ɪ', 'ɡ', 't'], 0.26
588, ['#', 'z', 'oː', 'f', 'ɔ', 'ɐ̯', 't'], ['#', 'j', 'eː', 'n', 'a', 's', 't'], 0.38
589, ['#', 'ʃ', '*', 'p', 'ɛː', 't', 'ɐ'], ['#', 's', 'eː', 'n', 'a', 'r', 'ə'], 0.35
592, ['#', '*', 'm', 'ɔ', 'ɐ̯', 'ɡ', 'ə', 'n'], ['#', 'iː', 'm', 'ɔ', 'r', 'ɡ', 'ɔ', 'n'], 0.29
597, ['#', 'd', 'aː', 'm', '*', 'a', 'l', '*', 's'], ['#', 'd', 'eː', 'n', 'ɡ', 'ɔ', 'ŋ', 'ə', 'n'], 0.4
598, ['#', 'd', 'aː', 'n', 'a', 'χ', '*', '*', '*'], ['#', 'd', 'æː', 'r', 'ɛ', 'f', 't', 'ə', 'r'], 0.4
599, ['#', 'f', 'ɔ', 'ɐ̯', 'h', 'ɐ'], ['#', 'f', 'œː', '*', 'r', 'ə'], 0.34
600, ['#', 't͡s', 'uː', 'ɛ', 'ɐ̯', 's', 't'], ['#', 'f', '*', 'œ', 'rː', 's', 't'], 0.34
601, ['#', 'a', 'ɪ̯', 'n', 'm', 'aː', 'l'], ['#', 'eː', '*', 'n', 'ɡ', 'ɔ', 'ŋ'], 0.39
603, ['#', 'ɔ', 'f', 't', '*'], ['#', 'ɔ', 'fː', 't', 'a'], 0.24
606, ['#', 'h', 'iː', 'ɐ̯'], ['#', 'h', 'æː', 'r'], 0.29
609, ['#', 'd', 'ɔ', 'ɐ̯', 't'], ['#', 'd', '*', 'æː', 'r'], 0.36
613, ['#', 'ʁ', 'ʏ', 'k', 'v', 'ɛ', '*', 'ɐ̯', 't͡s'], ['#', 'b', 'ɑː', 'k', 'l', 'ɛ', 'ŋ', 'ə', 's'], 0.3
616, ['#', 'h', 'iː', 'n', 'aː', 'p'], ['#', 'n', 'eː', 'd', 'ɔ', 't'], 0.28
617, ['#', 'oː', 'b', 'ə', 'n'], ['#', 'uː', 'v', 'a', 'n'], 0.13
617, ['#', 'oː', 'b', 'ə', 'n', '*', '*'], ['#', 'uː', 'v', 'a', 'n', 'p', 'oː'], 0.38
619, ['#', 'yː', 'b', 'ɐ', '*', 'a', 'l', '*'], ['#', 'øː', 'v', 'ɛ', 'r', 'a', 'l', 't'], 0.32
624, ['#', 'z', 'oː'], ['#', 's', 'oː'], 0.07
629, ['#', 'f', 'ɛ', 'ɐ̯', 'ɡ', 'eː', 'b', 'ɛ', 'n', 's'], ['#', 'f', 'œ', 'rː', 'j', 'ɛ', 'v', 'ə', '*', 's'], 0.32
632, ['#', 'ʊ', 'n', 't', 'ɐ', '*'], ['#', 'ɵ', 'nː', 'd', 'ə', 'r'], 0.27
634, ['#', '*', 'n', 'eː', '*', 'b', 'ə', 'n'], ['#', 'b', 'r', 'ɛ', 'dː', 'v', 'ɪ', 'd'], 0.39
635, ['#', 't͡s', 'v', 'ɪ', 'ʃ', 'ə', 'n'], ['#', '*', 'm', 'ɛ', 'lː', 'a', 'n'], 0.36
637, ['#', 'd', 'iː', 's', '*'], ['#', 'd', 'ɛ', 'tː', 'a'], 0.35
638, ['#', 'd', 'aː', 's'], ['#', 'd', 'eː', 't'], 0.09
639, ['#', 'a', 'l', 'eː', 's'], ['#', 'a', 'lː', '*', 't'], 0.28
641, ['#', 'd', 'uː'], ['#', 'd', 'ʉː'], 0.03
643, ['#', 'v', 'iː', 'ɐ̯'], ['#', 'v', 'iː', '*'], 0.25
645, ['#', 'z', 'iː'], ['#', 'd', 'eː'], 0.09
646, ['#', 'v', 'aː', 's'], ['#', 'v', 'ɑː', 'd'], 0.14
647, ['#', 'f', 'eː', 'ɐ̯'], ['#', 'v', 'ɛ', 'mː'], 0.36
648, ['#', 'v', 'oː', '*'], ['#', 'v', 'ɑː', 'r'], 0.33
651, ['#', 'v', 'aː', '*', 'ʁ', 'uː', 'm'], ['#', 'v', 'a', 'rː', 'f', 'œ', 'r'], 0.35
654, ['#', 't͡s', 'v', 'a', 'ɪ̯'], ['#', 't', 'v', '*', 'oː'], 0.37
655, ['#', 'd', 'ʁ', 'a', 'ɪ̯'], ['#', 't', 'r', 'eː', '*'], 0.39
656, ['#', 'f', 'iː', '*', 'ɐ̯'], ['#', 'f', 'yː', 'r', 'a'], 0.3
657, ['#', 'f', 'ʏ', 'n', 'f'], ['#', 'f', 'ɛ', 'm', '*'], 0.32
658, ['#', 'z', 'ɛ', 'k', 's'], ['#', 's', 'ɛ', 'k', 'sː'], 0.08
662, ['#', 't͡s', 'eː', 'n'], ['#', 't', 'iː', 'ɔ'], 0.3
663, ['#', 'ɛ', 'l', 'f', '*'], ['#', 'ɛ', 'lː', 'v', 'a'], 0.28
664, ['#', 't͡s', 'v', 'œ', 'l', 'f'], ['#', 't', '*', 'ɔ', 'lː', 'v'], 0.28
666, ['#', 'd', 'ʁ', 'a', 'ɪ̯', 's', 'ɪ', 'ç'], ['#', 't', 'r', 'ɛ', '*', 'tː', 'ɪ', 'ɔ'], 0.39
667, ['#', 'f', 'iː', 'ɐ̯', 't͡s', 'ɪ', 'ç'], ['#', 'f', 'yː', '*', 'ʈ', 'ɪ', 'ɔ'], 0.35
668, ['#', 'f', 'ʏ', 'n', 'f', 't͡s', 'ɪ', 'ç'], ['#', 'f', 'ɛ', 'mː', '*', 't', 'ɪ', 'ɔ'], 0.36
669, ['#', 'z', 'ɛ', 'ç', '*', 't͡s', 'ɪ', 'ç'], ['#', 's', 'ɛ', 'k', 'sː', 't', 'ɪ', 'ɔ'], 0.33
673, ['#', 'h', 'ʊ', 'n', 'd', 'ɛ', 'ɐ̯', 't'], ['#', 'h', 'ɵ', 'nː', 'd', 'r', 'a', '*'], 0.34
674, ['#', 't', 'a', 'ʊ̯', 'z', 'ɛ', 'n', 't'], ['#', 't', '*', 'ʉː', 's', 'ə', 'n', '*'], 0.36
675, ['#', 'ʊ', 'n', 't'], ['#', 'ɔ', '*', 'k'], 0.36
678, ['#', 'z', 'ɪ', 't͡s', 'ə', 'n'], ['#', 's', 'ɪ', 'tː', 'a', '*'], 0.29
679, ['#', 'l', 'iː', 'ɡ', 'ə', 'n'], ['#', 'l', 'ɪ', 'ɡː', 'a', '*'], 0.3
680, ['#', 'h', 'ɛ', 'ŋ', 'ə', 'n'], ['#', 'h', 'ɛ', 'ŋː', 'a', '*'], 0.24
684, ['#', 'ɛ', 'n', 'd', 'ə', 'n'], ['#', 'ɛ', 'nː', 'd', 'a', '*'], 0.24
685, ['#', 'v', 'ɛ', 'k', 's', 'ə', 'l', 'n'], ['#', 'v', 'ɛ', 'k', 'sː', '*', 'l', 'a'], 0.28
688, ['#', 'ʃ', 'a', 'ɪ̯', 'n', 'ə', 'n'], ['#', 'ɧ', 'iː', '*', 'n', 'a', '*'], 0.38
689, ['#', 'd', 'ɔ', 'n', 'ɐ', 'n', '*'], ['#', 'd', 'ɵ', 'nː', 'd', 'r', 'a'], 0.37
691, ['#', 'ʃ', 't', 'ʁ', 'øː', 'm', 'ə', 'n'], ['#', 's', 't', 'r', 'ø', 'mː', 'a', '*'], 0.26
692, ['#', 'f', 'l', 'iː', 's', 'ə', 'n'], ['#', 'f', 'l', 'yː', 't', 'a', '*'], 0.23
695, ['#', 'ʃ', 'v', 'ɪ', 'ŋ', 'ə', 'n'], ['#', 's', 'v', 'ɪ', 'ŋː', 'a', '*'], 0.22
696, ['#', 'f', 'a', 'l', 'ə', 'n'], ['#', 'f', 'a', 'lː', 'a', '*'], 0.24
697, ['#', 'b', 'ʁ', 'ɛ', 'n', 'ə', 'n'], ['#', 'b', 'r', 'ɪ', 'nː', 'a', '*'], 0.3
699, ['#', 'ʁ', 'ɛ', 'ɡ', 'n', 'ə', 'n'], ['#', 'r', 'ɛ', 'ŋː', 'n', 'a', '*'], 0.29
702, ['#', 'ʃ', 'm', 'ɛ', 'l', 't͡s', 'ə', 'n'], ['#', 's', 'm', 'ɛ', 'lː', 't', 'a', '*'], 0.21
704, ['#', 'z', 'iː', 'd', 'ə', 'n'], ['#', 'ɧ', 'ʉː', 'd', 'a', '*'], 0.28
711, ['#', 'f', 'ɛ', 'ɐ̯', 'ʃ', 'v', 'ɪ', 'n', 'd', 'ə', 'n'], ['#', 'f', 'œ', 'rː', 's', 'v', 'ɪ', 'n', '*', 'a', '*'], 0.32
712, ['#', 'z', 'ɪ', 'ŋ', 'k', 'ə', 'n'], ['#', 'ɧ', 'ɵ', 'nː', 'k', 'a', '*'], 0.31
715, ['#', 'ʃ', 't', 'a', 'ɪ̯', 'ɡ', 'ə', 'n'], ['#', 's', 't', 'iː', '*', 'ɡ', 'a', '*'], 0.34
716, ['#', 'v', 'a', 'k', 's', 'ə', 'n'], ['#', 'v', 'ɛ', 'k', 'sː', 'a', '*'], 0.22
717, ['#', 'ɡ', 'l', 'ɛ', 'n', 't͡s', 'ə', 'n'], ['#', 'ɡ', 'l', 'ɪ', 'mː', '*', 'a', '*'], 0.36
719, ['#', 'l', 'ɛ', 'ɐ̯', 'm', 'ə', 'n'], ['#', 'v', 'ɛː', 's', 'n', 'a', 's'], 0.33
722, ['#', 'k', 'l', 'ɪ', 'ʁ', 'ə', 'n'], ['#', 'k', 'l', 'ɪ', 'rː', 'a', '*'], 0.26
725, ['#', 'k', 'l', 'ɪ', 'ŋ', 'ə', 'n'], ['#', 'k', 'l', 'ɪ', 'ŋː', 'a', '*'], 0.21
726, ['#', 'b', 'ɛ', 'l', 'ə', 'n'], ['#', 'ɧ', 'ɛ', 'lː', 'a', '*'], 0.34
728, ['#', 'b', 'l', 'aː', 'z', 'ə', 'n'], ['#', 'b', 'l', 'oː', 's', 'a', '*'], 0.28
731, ['#', 'ʃ', 't', 'øː', 'n', 'ə', 'n'], ['#', 's', 't', 'øː', 'n', 'a', '*'], 0.19
732, ['#', 't͡s', 'ɪ', 't', 'ɐ', 'n'], ['#', 'd', 'a', 'rː', 'a', '*'], 0.39
733, ['#', 'l', 'eː', 'b', 'ə', 'n'], ['#', 'l', 'eː', 'v', 'a', '*'], 0.26
735, ['#', 'a', 't', 'm', 'ə', 'n'], ['#', 'a', 'nː', 'd', 'a', 's'], 0.27
736, ['#', 't', 'ʁ', 'ɪ', 'ŋ', 'k', 'ə', 'n'], ['#', 'd', 'r', 'ɪ', '*', 'kː', 'a', '*'], 0.38
737, ['#', 'ɛ', 's', 'ə', 'n'], ['#', 'ɛː', 't', 'a', '*'], 0.32
747, ['#', 'ʃ', 'm', 'ɛ', 'ɐ̯', 't͡s', 'ə', 'n'], ['#', 's', 'm', 'æː', '*', 'ʈ', 'a', '*'], 0.36
748, ['#', 'h', 'ʊ', 's', 't', 'ə', 'n'], ['#', 'h', 'ɔ', 'sː', 't', 'a', '*'], 0.24
751, ['#', 'ʊ', 'm', 'k', 'ɔ', 'm', 'ə', 'n'], ['#', 'ɔ', 'mː', 'k', 'ɔ', 'm', 'a', '*'], 0.21
754, ['#', 'z', 'ɪ', 'ç', 'ɛ', 'ɐ̯', 'h', 'eː', 'b', 'ə', 'n'], ['#', 'r', 'eː', 's', 'a', '*', 's', 'iː', 'ɡ', '*', '*'], 0.39
755, ['#', 'z', 'ɪ', 'ç', 'z', 'ɛ', 't͡s', 'ə', 'n'], ['#', 's', 'ɛ', '*', 'tː', 'a', 's', 'iː', 'ɡ'], 0.34
761, ['#', 'z', 'ɪ', 'ç', 'b', 'eː', 'iː', 'l', 'ə', 'n'], ['#', 'ɧ', 'ʏ', 'nː', 'd', '*', 'a', 's', 'iː', 'ɡ'], 0.39
765, ['#', 'k', 'l', 'ɛ', 't', '*', 'ɐ', 'n'], ['#', 'k', 'l', 'ɛ', 'tː', 'r', 'a', '*'], 0.3
767, ['#', 'k', 'ʁ', 'iː', 'ç', 'ə', 'n'], ['#', 'k', 'r', 'ɛː', 'l', 'a', '*'], 0.35
768, ['#', 'ʃ', 'v', 'ɪ', 'm', 'ə', 'n'], ['#', 's', '*', 'ɪ', 'mː', 'a', '*'], 0.36
771, ['#', 'f', 'aː', 'ʁ', 'ə', 'n'], ['#', 'ɕ', 'œː', 'r', 'a', '*'], 0.35
772, ['#', 'f', 'l', 'iː', 'ɡ', 'ə', 'n'], ['#', 'f', 'l', 'yː', 'ɡ', 'a', '*'], 0.2
775, ['#', 'a', 'b', 'f', 'aː', 'ʁ', 'ə', 'n'], ['#', 'ɑː', 'v', 'r', 'ɛ', 's', 'a', '*'], 0.38
779, ['#', 'k', 'ɔ', 'm', 'ə', 'n'], ['#', 'k', 'ɔ', 'mː', 'a', '*'], 0.24
780, ['#', 'a', 'ŋ', 'k', 'ɔ', 'm', 'ə', 'n'], ['#', 'a', 'nː', 'k', 'ɔ', 'm', 'a', '*'], 0.21
781, ['#', 't͡s', 'uː', 'ʁ', 'ʏ', 'k', 'k', 'ɔ', 'm', 'ə', 'n'], ['#', '*', 'oː', 't', 'ɛ', 'r', 'k', 'ɔ', 'm', 'a', '*'], 0.36
783, ['#', 'v', 'a', 'ɐ̯', 't', 'ə', 'n'], ['#', 'v', 'ɛ', 'nː', 't', 'a', '*'], 0.33
785, ['#', 'z', 'uː', 'χ', 'ə', 'n'], ['#', 'l', 'eː', 't', 'a', '*'], 0.38
786, ['#', 'f', 'ɪ', 'n', 'd', 'ə', 'n'], ['#', 'f', 'ɪ', 'nː', '*', 'a', '*'], 0.35
787, ['#', 'f', 'ɛ', 'ɐ̯', 'z', 'uː', 'χ', 'ə', 'n'], ['#', 'f', 'œ', 'rː', 's', 'ø', 'k', 'a', '*'], 0.37
788, ['#', 'f', 'ɔ', 'ɐ̯', 'b', 'eː', 'ʁ', 'a', 'ɪ̯', 't', 'ə', 'n'], ['#', 'f', 'œ', 'rː', 'b', 'ɛ', 'r', 'ɛ', '*', 'd', 'a', '*'], 0.36
792, ['#', 'ʁ', 'yː', 'ʁ', 'ə', 'n'], ['#', 'r', 'œː', 'r', 'a', '*'], 0.37
798, ['#', 'f', 'l', 'iː', 'ə', 'n'], ['#', 'f', 'l', 'yː', '*', '*'], 0.36
803, ['#', 'h', 'øː', 'ʁ', 'ə', 'n'], ['#', 'h', 'œː', 'r', 'a', '*'], 0.29
807, ['#', 'f', 'yː', 'l', 'ə', 'n'], ['#', 'ɕ', 'ɛ', 'nː', 'a', '*'], 0.39
810, ['#', 'f', 'ɛ', 'ɐ̯', 'n', 'eː', 'm', 'ə', 'n'], ['#', 'f', 'œː', '*', 'ɳ', 'ɪ', 'm', 'a', '*'], 0.35
811, ['#', 'f', 'ʁ', 'iː', 'ʁ', 'ə', 'n'], ['#', 'f', 'r', 'yː', 's', 'a', '*'], 0.32
813, ['#', 'k', 'œ', 'n', 'ə', 'n'], ['#', 'k', 'ɵ', 'nː', 'a', '*'], 0.27
820, ['#', 'œ', 'f', 'n', 'ə', 'n'], ['#', 'ø', 'pː', 'n', 'a', '*'], 0.31
821, ['#', 'ʃ', 'l', 'iː', 's', 'ə', 'n'], ['#', '*', 'l', 'oː', 's', 'a', '*'], 0.38
822, ['#', 'ʃ', 't', 'ɛ', 'l', 'ə', 'n'], ['#', 's', 't', 'ɛ', 'lː', 'a', '*'], 0.22
823, ['#', 'z', 'ɛ', 't͡s', 'ə', 'n'], ['#', 's', 'ɛ', 'tː', 'a', '*'], 0.29
824, ['#', 'l', 'eː', 'ɡ', 'ə', 'n'], ['#', 'l', 'ɛ', 'ɡː', 'a', '*'], 0.28
825, ['#', 'b', 'ə', 'ʁ', 'yː', 'ʁ', 'ə', 'n'], ['#', 'b', 'ə', 'r', 'œː', 'r', 'a', '*'], 0.28
826, ['#', 'f', 'ɛ', 'ɐ̯', 'b', 'ɪ', 'n', 'd', 'ə', 'n'], ['#', 'f', 'œ', 'rː', 'b', 'ɪ', 'n', 'd', 'a', '*'], 0.24
827, ['#', 'b', 'ə', 'd', 'ɛ', 'k', 'ə', 'n'], ['#', 'b', 'ə', 't', 'ɛ', 'kː', 'a', '*'], 0.21
829, ['#', 'a', 'n', 't͡s', 'ʏ', 'n', 'd', 'ə', 'n'], ['#', 'a', 'nː', 't', 'ɛ', 'n', 'd', 'a', '*'], 0.22
835, ['#', 'h', '*', 'ɛ', 'ɐ̯', 's', 't', 'ɛ', 'l', 'ə', 'n'], ['#', 'f', 'r', 'a', 'mː', 's', 't', 'ɛ', 'l', 'a', '*'], 0.32
837, ['#', 'ʁ', 'eː', 'p', 'aː', 'ʁ', 'iː', 'ʁ', 'ə', 'n'], ['#', 'r', 'eː', 'p', 'a', 'r', 'ɛ', 'r', 'a', '*'], 0.3
838, ['#', 'f', 'ɛ', 'ɐ̯', 'b', 'ɛ', 's', '*', 'ɐ', 'n'], ['#', 'f', 'œ', 'rː', 'b', 'ɛ', 't', 'r', 'a', '*'], 0.35
839, ['#', 'ɛ', 'n', 'd', '*', 'ɐ', 'n'], ['#', 'ɛ', 'nː', 'd', 'r', 'a', '*'], 0.34
840, ['#', 'ɡ', 'ʁ', 'aː', 'b', 'ə', 'n'], ['#', 'ɡ', 'r', 'ɛː', 'v', 'a', '*'], 0.29
842, ['#', 'b', 'iː', 'ɡ', 'ə', 'n'], ['#', 'b', 'ø', 'jː', 'a', '*'], 0.36
844, ['#', 'v', 'ɛ', 'n', 'd', 'ə', 'n'], ['#', 'v', 'ɛ', 'nː', 'd', 'a', '*'], 0.21
846, ['#', 'h', 'eː', 'b', 'ə', 'n'], ['#', 'h', 'ɛː', 'v', 'a', '*'], 0.27
850, ['#', 'd', 'ʁ', 'ʏ', 'k', 'ə', 'n'], ['#', 't', 'r', 'ʏ', 'kː', 'a', '*'], 0.29
851, ['#', 'ʃ', 'iː', 'b', 'ə', 'n'], ['#', 'ɧ', 'ʉː', 't', 'a', '*'], 0.33
853, ['#', '*', 'l', 'ɛ', 'k', 'ə', 'n'], ['#', 's', 'l', 'ɪ', 'kː', 'a', '*'], 0.39
854, ['#', 'b', 'a', 'ɪ̯', 's', 'ə', 'n'], ['#', 'b', 'iː', '*', 't', 'a', '*'], 0.4
857, ['#', 'b', 'ɪ', 'n', 'd', 'ə', 'n'], ['#', 'b', 'ɪ', 'nː', 'd', 'a', '*'], 0.21
858, ['#', 'ʃ', 't', 'ɛ', 'k', 'ə', 'n'], ['#', 's', 't', 'ɪ', 'kː', 'a', '*'], 0.26
859, ['#', 'b', 'ʁ', 'ɛ', 'ç', 'ə', 'n'], ['#', 'b', 'r', 'yː', 't', 'a', '*'], 0.36
860, ['#', 'k', 'l', 'ɔ', 'p͡f', 'ə', 'n'], ['#', 'k', 'l', 'a', 'pː', 'a', '*'], 0.28
865, ['#', 'ʃ', 'l', 'a', 'ɪ̯', 'f', 'ə', 'n'], ['#', 's', 'l', 'iː', '*', 'p', 'a', '*'], 0.37
869, ['#', 'ʃ', 'v', 'ɛ', 'ŋ', 'k', 'ə', 'n'], ['#', 's', 'v', 'ɛ', 'ŋː', '*', 'a', '*'], 0.32
871, ['#', 'f', 'ʏ', 'l', 'ə', 'n'], ['#', 'f', 'ʏ', 'lː', 'a', '*'], 0.24
874, ['#', 'ʃ', 'l', 'ɛ', 'p', 'ə', 'n'], ['#', 's', 'l', 'ɛː', 'p', 'a', '*'], 0.22
878, ['#', 'f', 'a', 'ŋ', 'ə', 'n'], ['#', 'f', 'ɔ', 'ŋː', 'a', '*'], 0.31
881, ['#', 't', 'a', 'ɪ̯', 'l', 'ə', 'n'], ['#', 'd', 'eː', '*', 'l', 'a', '*'], 0.4
882, ['#', 'ʃ', 'ɪ', 'k', 'ə', 'n'], ['#', 'ɧ', 'ɪ', 'kː', 'a', '*'], 0.26
883, ['#', 'b', 'ʁ', 'ɪ', 'ŋ', 'ə', 'n'], ['#', 'b', 'r', 'ɪ', 'ŋː', 'a', '*'], 0.26
887, ['#', 'n', 'eː', 'm', 'ə', 'n'], ['#', 't', 'ɑː', 'ɡ', 'a', '*'], 0.4
888, ['#', 'v', 'ɛː', 'l', '*', 'ə', 'n'], ['#', 'v', 'ɛ', 'lː', 'j', 'a', '*'], 0.37
890, ['#', 'b', 'ə', 'v', 'aː', 'ʁ', 'ə', 'n'], ['#', 'b', 'ə', 'v', 'ɑː', 'r', 'a', '*'], 0.23
891, ['#', 'b', 'ə', '*', 'h', 'ɪ', 'n', 'd', '*', 'ɐ', 'n'], ['#', 'f', 'œ', 'rː', 'h', 'ɪ', 'n', 'd', 'r', 'a', '*'], 0.36
895, ['#', 't͡s', 'ɛ', 'ʁ', 'a', '*', '*', 'ɪ̯', 's', 'ə', 'n'], ['#', 'r', 'iː', 'v', 'a', 's', 'ø', 'nː', 'd', 'ə', 'r'], 0.39
896, ['#', 't͡s', 'ɛ', 'ɐ̯', 's', 't', 'øː', 'ʁ', 'ə', 'n'], ['#', 'f', 'œ', 'rː', 's', 't', 'œ', 'r', 'a', '*'], 0.33
900, ['#', 'ʃ', 'ɛ', 'ŋ', 'k', 'ə', 'n'], ['#', 'ɧ', 'ɛ', 'nː', 'k', 'a', '*'], 0.25
903, ['#', 'l', 'oː', 'b', 'ə', 'n'], ['#', 'l', 'uː', 'v', 'a', '*'], 0.27
904, ['#', 'k', 'ʏ', 's', 'ə', 'n'], ['#', 'p', 'ɵ', 'sː', 'a', '*'], 0.3
905, ['#', 'v', 'iː', 'ɡ', 'ə', 'n'], ['#', 'v', 'a', 'ɡː', 'a', '*'], 0.3
907, ['#', 'v', 'ɛ', 'k', 'ə', 'n'], ['#', 'v', 'ɛ', 'kː', 'a', '*'], 0.24
909, ['#', 'f', 'yː', 'ʁ', 'ə', 'n'], ['#', 'f', 'œː', 'r', 'a', '*'], 0.3
910, ['#', 'l', 'eː', 'ʁ', 'ə', 'n'], ['#', 'l', 'æː', 'r', 'a', '*'], 0.3
911, ['#', 'ʊ', 'n', 't', 'ɛ', '*', 'ʁ', 'ɪ', 'ç', 't', 'ə', 'n'], ['#', 'ɵ', 'nː', 'd', 'ɛ', 'r', 'v', 'ɪ', '*', 's', 'a', '*'], 0.35
913, ['#', 'l', 'a', 'ɪ̯', 't', 'ə', 'n'], ['#', 'l', 'eː', '*', 'd', 'a', '*'], 0.4
918, ['#', 'b', 'ə', 'z', 'uː', 'χ', 'ə', 'n'], ['#', 'b', 'ə', 's', 'øː', 'k', 'a', '*'], 0.25
919, ['#', 't', 'ʁ', 'ɛ', 'f', '*', 'ə', 'n'], ['#', 't', 'r', 'ɛ', 'f', 'fː', 'a', '*'], 0.33
921, ['#', 'ʃ', 'p', 'iː', 'l', 'ə', 'n'], ['#', 's', 'p', 'eː', 'l', 'a', '*'], 0.2
922, ['#', 'z', 'ɪ', 'ŋ', 'ə', 'n'], ['#', 'ɧ', 'ɵ', 'ŋː', 'a', '*'], 0.33
923, ['#', 't', 'a', 'n', 't͡s', 'ə', 'n'], ['#', 'd', 'a', 'nː', 's', 'a', '*'], 0.25
926, ['#', 'ʁ', 'ɛ', 't', 'ə', 'n'], ['#', 'r', 'ɛ', 'dː', 'a', '*'], 0.34
927, ['#', 'b', 'ə', 'v', 'a', 'χ', 'ə', 'n'], ['#', 'b', 'ə', 'v', 'ɑː', 'k', 'a', '*'], 0.24
928, ['#', 'ʃ', 'ʏ', 't͡s', 'ə', 'n'], ['#', 'ɧ', 'ʏ', 'dː', 'a', '*'], 0.31
928, ['#', 'ʃ', 'ʏ', 't͡s', 'ə', 'n', '*'], ['#', 'b', 'ə', 'ɧ', 'ʏ', 'dː', 'a'], 0.4
931, ['#', 'ʃ', 'iː', 's', 'ə', 'n'], ['#', 'ɧ', 'ʉː', 't', 'a', '*'], 0.3
932, ['#', 'z', 'iː', 'ɡ', 'ə', 'n', '*'], ['#', 's', 'eː', 'ɡ', '*', 'r', 'a'], 0.35
936, ['#', 'ʃ', 't', 'ɛ', 'ç', 'ə', 'n'], ['#', 's', 't', 'ɪ', 'kː', 'a', '*'], 0.3
937, ['#', 'ʃ', 't', 'oː', 's', 'ə', 'n'], ['#', 's', 't', 'øː', 't', 'a', '*'], 0.25
938, ['#', 'ʃ', 't', 'eː', 'l', 'ə', 'n'], ['#', 'ɧ', '*', 'ɛː', 'l', 'a', '*'], 0.35
939, ['#', 'ʃ', 't', 'øː', 'ʁ', 'ə', 'n'], ['#', 's', 't', 'œː', 'r', 'a', '*'], 0.26
944, ['#', 't', 'øː', 't', 'ə', 'n'], ['#', 'd', 'øː', 'd', 'a', '*'], 0.27
946, ['#', 'a', 'ɐ̯', 'b', 'a', 'ɪ̯', 't', 'ə', 'n'], ['#', 'a', 'rː', 'b', 'ɛ', '*', 't', 'a', '*'], 0.37
947, ['#', 'z', 'a', 'm', 'ə', 'l', 'n'], ['#', 's', 'a', 'mː', '*', 'l', 'a'], 0.34
948, ['#', 'p͡f', 'l', 'ʏ', 'k', 'ə', 'n'], ['#', 'p', 'l', 'ɔ', 'kː', 'a', '*'], 0.27
949, ['#', 'j', 'aː', 'ɡ', 'ə', 'n'], ['#', 'j', 'ɑː', 'ɡ', 'a', '*'], 0.24
950, ['#', 'f', 'ɪ', 'ʃ', '*', 'ə', 'n'], ['#', 'f', 'ɪ', 'sː', 'k', 'a', '*'], 0.36
955, ['#', 'f', 'ʏ', 't', '*', 'ɐ', 'n'], ['#', 'f', 'uː', 'd', 'r', 'a', '*'], 0.4
956, ['#', 'm', '*', 'ɛ', 'l', 'k', 'ə', 'n'], ['#', 'm', 'j', 'ø', 'lː', 'k', 'a', '*'], 0.34
957, ['#', 'h', 'a', 'k', 'ə', 'n'], ['#', 'h', 'a', 'kː', 'a', '*'], 0.24
961, ['#', 'k', 'ɔ', 'χ', 'ə', 'n'], ['#', 'k', 'uː', 'k', 'a', '*'], 0.31
962, ['#', 'b', 'a', 'k', 'ə', 'n'], ['#', 'b', 'ɑː', 'k', 'a', '*'], 0.26
965, ['#', 'ʃ', 't', 'ʁ', 'ɪ', 'k', 'ə', 'n'], ['#', 's', 't', '*', 'ɪ', 'kː', 'a', '*'], 0.32
967, ['#', 'f', 'ɛ', 'ɐ̯', 'b', 'ə', 'n'], ['#', 'f', 'æ', 'rː', 'ɡ', 'a', '*'], 0.36
971, ['#', 'ʃ', 'p', 'yː', 'l', 'ə', 'n'], ['#', 's', 'p', 'uː', 'l', 'a', '*'], 0.22
972, ['#', 'f', 'eː', 'ɡ', 'ə', 'n'], ['#', 'f', 'ɛ', 'jː', 'a', '*'], 0.33
974, ['#', 'b', 'aː', 'd', 'ə', 'n'], ['#', 'b', 'ɑː', 'd', 'a', '*'], 0.24
975, ['#', '*', 'z', 'ɪ', 'ç', 'v', 'a', 'ʃ', 'ə', 'n'], ['#', 't', 'v', 'ɛ', '*', 'tː', 'a', 's', 'iː', 'ɡ'], 0.4
979, ['#', 'k', 'ɛ', 'm', 'ə', 'n'], ['#', 'k', 'a', 'mː', 'a', '*'], 0.26
980, ['#', 'ʃ', 'm', 'ʏ', 'k', 'ə', 'n'], ['#', 's', 'm', 'ʏ', 'kː', 'a', '*'], 0.22
981, ['#', 'z', 'aː', 'ɡ', 'ə', 'n'], ['#', 's', 'ɛː', 'ɡ', 'a', '*'], 0.26
983, ['#', 'ʁ', 'eː', 'd', 'ə', 'n'], ['#', 't', 'ɑː', 'l', 'a', '*'], 0.4
985, ['#', 'f', 'ʁ', 'aː', 'ɡ', 'ə', 'n'], ['#', 'f', 'r', 'oː', 'ɡ', 'a', '*'], 0.31
988, ['#', 'm', 'ɪ', 't', 'a', 'ɪ̯', 'l', 'ə', 'n'], ['#', 'm', 'ɛ', 'dː', 'ɛ', '*', 'l', 'a', '*'], 0.33
989, ['#', 'n', 'ɛ', 'n', 'ə', 'n'], ['#', 'k', 'a', 'lː', 'a', '*'], 0.39
990, ['#', 'ʁ', 'uː', 'f', 'ə', 'n'], ['#', 'r', 'uː', 'p', 'a', '*'], 0.33
991, ['#', 'p', 'ʁ', 'aː', 'l', 'ə', 'n'], ['#', 'p', 'r', 'oː', 'l', 'a', '*'], 0.31
992, ['#', 'yː', 'b', 'ɐ', 'z', 'ɛ', 't͡s', 'ə', 'n'], ['#', 'øː', 'v', 'ɛ', 'ʂ', 'ɛ', 't', 'a', '*'], 0.26
993, ['#', 'd', 'ɛ', 'ŋ', 'k', 'ə', 'n'], ['#', 't', 'ɛ', 'nː', 'k', 'a', '*'], 0.26
997, ['#', 'b', 'ə', 'ɡ', 'ʁ', 'a', 'ɪ̯', 'f', 'ə', 'n'], ['#', 'b', 'ə', 'ɡ', 'r', 'iː', '*', 'p', 'a', '*'], 0.33
999, ['#', 'l', 'ɛ', '*', 'ɐ̯', 'n', 'ə', 'n'], ['#', 'l', 'æː', 'r', 'a', 's', 'iː', 'ɡ'], 0.35
1000, ['#', 'v', 'ɪ', 's', 'ə', 'n'], ['#', 'v', 'eː', 't', 'a', '*'], 0.3
1003, ['#', 'm', 'ɛ', 's', 'ə', 'n'], ['#', 'm', 'ɛː', 't', 'a', '*'], 0.27
1004, ['#', 't͡s', 'ɛː', '*', 'l', 'ə', 'n'], ['#', 'r', 'ɛː', 'k', 'n', 'a', '*'], 0.38
1005, ['#', 'ʁ', 'ɛ', 'ç', 'n', 'ə', 'n'], ['#', 'r', 'ɛː', 'k', 'n', 'a', '*'], 0.3
1006, ['#', 'l', 'eː', 'z', 'ə', 'n'], ['#', 'l', 'ɛː', 's', 'a', '*'], 0.26
1007, ['#', 'm', 'aː', 'l', 'ə', 'n'], ['#', 'm', 'oː', 'l', 'a', '*'], 0.29
1008, ['#', 't͡s', 'a', 'ɪ̯', 'ç', 'n', 'ə', 'n'], ['#', 't', 'ɛ', '*', 'kː', 'n', 'a', '*'], 0.37
1010, ['#', 'b', 'ə', 'z', 'ɪ', 't͡s', 'ə', 'n'], ['#', 'b', 'ə', 's', 'ɪ', 'tː', 'a', '*'], 0.22
1013, ['#', 'b', 'ə', 't͡s', 'aː', 'l', 'ə', 'n'], ['#', 'b', 'ə', 't', 'ɑː', 'l', 'a', '*'], 0.19
1015, ['#', 'b', 'ə', 'h', 'ɛ', 'ɐ̯', 'ʃ', '*', 'ə', 'n'], ['#', 'b', 'ə', 'h', 'æ', 'rː', 's', 'k', 'a', '*'], 0.34
1016, ['#', 'ɛ', 'ɐ̯', 't', 'ʁ', 'aː', 'ɡ', 'ə', 'n'], ['#', 'ɵ', '*', 'tː', 'h', 'æ', 'ɖ', 'a', '*'], 0.38
