concept_id,rus,ukr
1,ɡɫaˑs,ɔkɔ
2,uˑxə,wuxɔ
3,nɔˑs,nʲis
4,rɔˑt,rɔt
5,zuˑp,zub
6,jɐzɨˑk,jɑzɪk
7,ɡubaˑ,ɦubɑ
8,ʃʲːɪkaˑ,ʂʈ͡ʂɔkɑ
9,lit͡sɔˑ,ɔblɪʈʈ͡ʂjɑ
10,ɫɔˑp,lɔb
11,vɔˑɫəs,wɔlɔsʲːɑ
11,vɔˑɫəsɨ,wɔlɔsʲːɑ
12,uˑs,wusɑ
12,usɨˑ,wusɑ
13,bərɐdaˑ,bɔrɔdɑ
14,pədbɐrɔˑdək,pʲidbɔrʲidʲːɑ
15,t͡ʃʲeˑlustʲ,ʂʈ͡ʂɛlɛpɑ
16,ɡɔˑrɫə,ɦɔrlɔ
17,ʃɛˑjə,ʂɪjɑ
18,zɐtɨˑɫək,pɔtɪlɪt͡sʲɑ
19,ɡəɫɐvaˑ,ɦɔlɔwɑ
20,spʲinaˑ,spɪnɑ
21,ʒɨvɔˑt,ʐɪvit
22,pupɔˑk,pupɔk
23,ʒɛˑnskəjə ɡrutʲ,ɦrudɪ
24,ɡruˑtʲ,ɦrudɪ
25,plɪt͡ʃɔˑ,plɛʈ͡ʂɛ
26,rukaˑ,rukɑ
27,ɫɔˑkətʲ,lʲikɔtʲ
28,kistʲ,rukɑ
29,ɫɐdɔˑnʲ,dɔlɔnʲɑ
30,paˑlɪt͡s,pɑlɛt͡sʲ
31,nɔˑɡətʲ,nʲiɦɔtʲ
32,nɔˑɡətʲ,nʲiɦɔtʲ
33,paˑlɪt͡s,pɑlɛt͡sʲ nɑ nɔzʲi
34,stupnʲaˑ,nɔɦɑ
35,pʲɪ|taˑ,pjɑtkɑ
35,pʲaˑtkə,pjɑtkɑ
36,kɐleˑnə,kɔlʲinɔ
37,bʲɪdrɔˑ,stɛɦnɔ
38,nɐɡaˑ,nɔɦɑ
39,tʲeˑɫə,tʲilɔ
40,kɔˑʒə,ʂkirɑ
41,krɔˑfʲ,krɔw
42,vʲeˑnə,wɛnɑ
42,sɐsuˑt,wɛnɑ
43,ʒɨˑɫə,suxɔʐɪlʲːɑ
43,tʲɪtʲivaˑ,suxɔʐɪlʲːɑ
43,suxɐʒɨˑlijə,suxɔʐɪlʲːɑ
44,kəstʲ,kistkɑ
45,mɔˑzk,mɔzɔk
46,sʲeˑrdt͡sə,sɛrt͡sɛ
47,ʒɪɫuˑdək,ʂlunɔk
48,pʲeˑt͡ʃʲɪnʲ,pɛʈ͡ʂjinkɑ
49,duˑx,dɪxɑnʲːɑ
49,dɨxaˑnʲijə,dɪxɑnʲːɑ
50,ɡɔˑɫət,ɦɔlɔd
51,slɪzaˑ,slʲɔzɑ
52,vkuˑs,smɑk
53,zaˑpəx,zɑpɑx
54,sɔˑn,sɔn
54,sɔˑn,splʲɑʈ͡ʂkɑ
55,snəvʲidʲeˑnʲijə,sɔn
56,nʲeˑbə,nɛbɔ
57,sɔˑnt͡sə,sɔnt͡sɛ
58,ɫunaˑ,misʲɑt͡sʲ
59,zvʲɪzdaˑ,zʲirkɑ
60,vɔˑzdux,pɔvitrʲɑ
61,vʲeˑtʲɪr,vitɛr
62,vɐɫnaˑ,xwɪlʲɑ
63,vɐdaˑ,wɔdɑ
64,kaˑmʲɪnʲ,kɑminʲ
65,pɔˑt͡ʃvə,ɡrunt
66,zʲɪmlaˑ,zɛmlʲɑ
67,pɨˑl,pɪl
68,dɨˑm,dɪm
69,jɨˑskrə,jiskrɑ
70,ɐɡɔˑnʲ,wɔɦɔnʲ
71,svʲeˑt,svitlɔ
72,tʲeˑnʲ,tʲinʲ
73,pɐɡɔˑdə,pɔɦɔdɑ
74,tumaˑn,tumɑn
75,ɔˑbɫəkə,xmɑrɑ
76,dəʒtʲ,dɔʂʈ͡ʂ
77,snʲeˑk,snʲiɦ
78,lot,lʲid
79,mɐrɔˑs,mɔrɔz
80,xɔˑɫət,xɔlɔd
81,ʒɐraˑ,ʐɑr
82,jɨˑnʲɪj,jinʲij
83,raˑduɡə,rɑjduɦɑ
84,ɡrɔˑm,ɦrʲim
85,tʲɪt͡ʃʲeˑnʲijə,strumɪnɑ
86,kaˑplɪ,krɑplʲɑ
87,pʲeˑnə,pʲinɑ
88,ɡrʲaˑsʲ,brud
89,ɔˑzʲɪrə,ɔzɛrɔ
90,tɔˑpʲ,drɑɦɔwɪnɑ
91,bɐɫɔˑtə,bɔlɔtɔ
92,ɫuˑk,luɦ
92,ɫuˑk,lukɑ
93,leˑs,lʲis
94,xɔˑɫm,ɦɔrb
95,vɐzvɨˑʃənnəstʲ,wɪsɔʈ͡ʂɪnɑ
96,ɡɐraˑ,ɦɔrɑ
97,vʲɪrʃɨˑnə,wɛrʂɪnɑ
98,pʲɪʃʲːeˑrə,pɛʈ͡ʂɛrɑ
99,skɫɔˑn,sxɪl
100,jɨstɔˑt͡ʃnʲik,ɖ͡ʐɛrɛlɔ
101,rut͡ʃʲeˑj,strumɔk
102,rʲɪkaˑ,rʲiʈ͡ʂkɑ
103,bʲeˑrʲɪk,bɛrɛɦ
104,pəbʲɪrʲeˑʒʲɪ,uzbɛrɛʐːɑ
105,suˑʃə,suʂɑ
106,mɔˑrʲɪ,mɔrɛ
107,buˑxtə,buxtɑ
107,buˑxtə,zɑtɔkɑ
108,ɔˑstrəf,ɔstrʲiw
109,t͡svʲɪtɔˑk,kvitkɑ
110,trɐvaˑ,trɑwɑ
111,kɔˑrʲɪnʲ,kɔrʲinʲ
112,dʲeˑrʲɪvə,dɛrɛwɔ
113,stvɔˑɫ,stɔwbur
114,kɐraˑ,kɔrɑ
115,suˑk,ɦjilkɑ
116,vʲɪtfʲ,ɦɑluzʲ
117,liˑst,lɪst
118,bʲɪrʲozə,bɛrɛzɑ
119,sɐsnaˑ,sɔsnɑ
120,jɨˑvə,wɛrbɑ
121,jɛˑl,jɑlɪt͡sʲɑ
122,rɔˑk,rʲiɦ
123,pʲɪrɔˑ,pɛrɔ
124,ʃkuˑrə,xutrɔ
125,krɨɫɔˑ,krɪlɔ
126,kɔˑɡətʲ,kiɦɔtʲ
127,ɫaˑpə,lɑpɑ
128,xvɔˑst,xvist
129,jəjt͡sɔˑ,jɑjt͡sɛ
130,ɡnʲɪzdɔˑ,ɦnʲizdɔ
131,nɐraˑ,lʲiɦwɔ
132,ʒɨvɔˑtnəjə,twɑrɪnɑ
133,staˑdə,stɑdɔ
134,kɐrɔˑvə,kɔrɔwɑ
135,bɨˑk,bɪk
135,bɨˑk,buɦɑj
136,ɫɔˑʃətʲ,kinʲ
137,ɐvt͡saˑ,viwt͡sʲɑ
138,svʲinʲaˑ,swɪnʲɑ
139,sɐbaˑkə,sɔbɑkɑ
140,kɔˑʃkə,kiʂkɑ
141,mʲɪdvʲeˑtʲ,wɛdmidʲ
142,bʲeˑɫkə,bilkɑ
143,ɫɔˑsʲ,lɔsʲ
144,lisaˑ,lɪsɪt͡sʲɑ
145,zaˑjət͡s,zɑjɛt͡sʲ
146,mɨˑʃ,mɪʂɑ
147,vɔˑɫk,wɔwk
148,ptʲiˑt͡sə,ptɑx
149,staˑjə,zɦrɑjɑ
150,kuˑrʲit͡sə,kurkɑ
151,pʲɪtuˑx,pʲiwɛnʲ
152,ɡuˑsʲ,ɦuskɑ
153,ɐrʲoɫ,ɔrɛl
154,uˑtkə,kɑʈ͡ʂkɑ
155,sɐvaˑ,sɔwɑ
156,ʒuraˑvl,ʐurɑwɛlʲ
157,vɐrɔˑnə,wɔrɔnɑ
158,kukuˑʃkə,zɔzulʲɑ
159,leˑbʲɪtʲ,lɛbidʲ
160,rɨˑbə,rɪbɑ
161,ɔˑkunʲ,ɔkunʲ
162,ʃʃuˑkə,ʂʈ͡ʂukɑ
163,zmʲɪjaˑ,zmijɑ
164,t͡ʃʲɪrvʲaˑk,ʈ͡ʂɛrwjɑk
165,pɐuˑk,pɑwuk
166,murɐvʲeˑj,murɑʂkɑ
167,vɔˑʃ,wɔʂɑ
168,kɐmaˑr,kɔmɑr
169,muˑxə,muxɑ
170,baˑbət͡ʃkə,mɛtɛlɪk
171,jaˑɡədə,jɑɦɔdɑ
172,jaˑbɫəkə,jɑblukɔ
173,ɡrʲiˑp,ɦrɪb
174,ɫuˑkəvʲit͡sə,t͡sɪbulʲɑ
175,sʲeˑmʲɪ,sʲimjɑ
176,zʲɪrnɔˑ,zɛrnɔ
177,sʲeˑnə,sʲinɔ
178,ʃəɫuxaˑ,ʂkirkɑ
179,jaˑmə,jɑmɑ
180,ɫɐvuˑʃkə,pɑstkɑ
181,sʲiɫɔˑk,pɛtlʲɑ
182,sleˑt,slʲid
183,zɐɫaˑ,zɔlɑ
183,zɐɫaˑ,pɔpʲil
183,pʲeˑpʲɪɫ,zɔlɑ
183,pʲeˑpʲɪɫ,pɔpʲil
184,ɡrʲaˑsʲ,brud
185,ʒɪleˑzə,zɑlʲizɔ
186,zɔˑɫətə,zɔlɔtɔ
187,sʲɪrʲɪbrɔˑ,srʲiblɔ
188,uˑɡəl,wuɦjilʲːɑ
189,stʲɪkɫɔˑ,sklɔ
190,ɡliˑnə,ɦlɪnɑ
191,pʲɪsɔˑk,pʲisɔk
192,t͡ʃʲɪɫɐvʲeˑk,lʲudɪnɑ
193,muʒt͡ʃʲiˑnə,ʈ͡ʂɔlɔvik
194,ʒɛˑnʃʲːinə,ʐjinkɑ
195,rʲɪbʲonək,dɪtɪnɑ
196,maˑlt͡ʃʲik,xlɔpɛt͡sʲ
197,dʲeˑvət͡ʃkə,dʲiwʈ͡ʂɪnɑ
198,sʲɪmʲaˑ,sʲimjɑ
198,sʲɪmʲaˑ,rɔdɪnɑ
199,dʲeˑduʃkə,dʲidusʲ
200,baˑbuʃkə,bɑbusʲɑ
201,rɐdʲiˑtʲɪli,bɑtʲkɪ
202,ɐtʲeˑt͡s,bɑtʲkɔ
203,maˑtʲ,mɑtɪ
204,sɨˑn,sɪn
205,dɔˑt͡ʃʲ,dɔʈ͡ʂkɑ
206,braˑt,brɑt
207,sʲɪstraˑ,sɛstrɑ
208,dʲaˑdʲɪ,dʲɑdʲkɔ
209,tʲotʲɪ,tʲitkɑ
210,muˑʃ,ʈ͡ʂɔlɔvik
211,ʒɪnaˑ,ʐjinkɑ
211,ʒɪnaˑ,druʐɪnɑ
212,raˑdəstʲ,rɑdɔʂʈ͡ʂji
213,smʲeˑx,smix
214,st͡ʃaˑstʲɪ,ʂʈ͡ʂɑstʲɑ
215,ɡɔˑrʲɪ,ɦɔrɛ
216,ʒɪɫaˑnʲijə,bɑʐɑnʲːɑ
217,vlɪt͡ʃʲeˑnʲijə,bɑʐɑnʲːɑ
218,duˑx,dux
219,mɨsl,dumkɑ
220,paˑmʲɪtʲ,pɑmjɑtʲ
221,uˑm,rɔzum
222,smɨˑsɫ,zmist
222,smɨˑsɫ,znɑʈ͡ʂɛnʲːɑ
223,pɔˑvət,prɪʈ͡ʂɪnɑ
224,praˑvdə,prɑwdɑ
225,bʲɪsʲeˑdə,rɔzmɔwɑ
226,skaˑzkə,bɑjkɑ
227,rɐsskaˑs,pɔvistʲ
227,rɐsskaˑs,ɔpɔvidɑnʲːɑ
228,səɐbʃʲːeˑnʲijə,pɔvidɔmlɛnʲːɑ
229,nɔˑvəstʲ,nɔwɪnɑ
230,jɨˑmʲɪ,jimjɑ
231,zɐɡaˑdkə,zɑɦɑdkɑ
232,rʲeˑt͡ʃʲ,prɔmɔwɑ
233,jɐzɨˑk,mɔwɑ
234,ɡɔˑɫəs,ɦɔlɔs
235,sɫɔˑvə,slɔwɔ
236,znaˑk,znɑk
237,zɔˑf,ɔklɪk
238,ʃuˑm,ʂum
239,zvuˑk,zwuk
240,zvut͡ʃaˑnʲijə,tɔn
241,pʲeˑsnʲɪ,pʲisnʲɑ
242,pɐkɔˑj,spɔkij
243,luˑdʲi,lʲudɪ
244,nɐrɔˑt,nɑrɔd
245,rɐbɔˑtə,rɔbɔtɑ
246,ɡəstʲ,ɦjistʲ
247,pɐdaˑrək,pɔdɑrunɔk
248,jɨɡraˑ,ɦrɑ
249,ɔˑbʃʲːɪstvə,tɔwɑrɪstwɔ
250,pɔˑməʃʲː,dɔpɔmɔɦɑ
251,druˑk,druɦ
251,druˑk,prɪjɑtɛlʲ
252,prʲijaˑtʲɪl,tɔwɑrɪʂ
253,dʲeˑɫə,sprɑwɑ
254,kɐliˑt͡ʃʲɪstvə,ʈ͡ʂɪslɔ
255,vʲiˑt,rʲid
256,kusɔˑk,kusɔk
257,t͡ʃəstʲ,ʈ͡ʂɑstɪnɑ
258,pəɫɐvʲiˑnə,pɔlɔwɪnɑ
259,kruˑk,kruɦ
259,kruˑk,kɔlɔ
260,krʲeˑst,xrɛst
261,liˑnʲijə,lʲinʲijɑ
262,t͡ʃʲɪrtaˑ,ʂtrɪx
263,prəmʲɪʒuˑtək,prɔmiʐɔk
264,rəsstɐjaˑnʲijə,vidstɑnʲ
265,mʲeˑstnəstʲ,mit͡sːɛvistʲ
266,prɐstraˑnstvə,plɔʂʈ͡ʂɑ
267,mʲeˑstə,mit͡sːɛ
268,stərɐnaˑ,stɔrɔnɑ
269,sʲɪrʲɪdʲiˑnə,sɛrɛdɪnɑ
270,prʲɪdmʲeˑt,prɛdmɛt
271,vʲeˑʃʲː,rʲiʈ͡ʂ
272,krəj,krɑj
273,rʲɪbrɔˑ,rɛbrɔ
274,uˑɡəɫ,rʲiɦ
275,kɔˑnt͡ʃʲik,kinʈ͡ʂɪk
276,kɐnʲeˑt͡s,kinɛt͡sʲ
277,dɨraˑ,dʲirɑ
278,uˑɡəɫ,kutɔk
279,uzɔˑr,uzɔr
280,rɐzmʲeˑr,rɔzmir
281,dlinaˑ,dɔwʐɪnɑ
282,vɨsɐtaˑ,wɪsɔtɑ
283,vʲeˑs,wɑɦɑ
284,kɐliˑt͡ʃʲɪstvə,kilʲkistʲ
285,kuˑt͡ʃə,kupɑ
286,rʲaˑt,rʲɑd
287,ɫɔˑdkə,ʈ͡ʂɔwɛn
288,vʲɪsɫɔˑ,wɛslɔ
289,saˑnʲi,sɑnɪ
290,ɫɨˑʒə,lɪʐɑ
291,kɐstʲor,wɔɦnɪʂʈ͡ʂɛ
292,tʲaˑʒəstʲ,tʲɑɦɑr
292,tʲaˑʒəstʲ,wɑntɑʐ
293,xɔˑt,xid
294,ʃaˑk,krɔk
295,sʲeˑvʲɪr,pʲiwnʲiʈ͡ʂ
296,juˑk,pʲiwdɛnʲ
297,zaˑpət,zɑxid
298,vɐstɔˑk,sxid
299,drʲɪvʲɪsʲiˑnə,drɔwɑ
300,dɐskaˑ,dɔʂkɑ
301,plitaˑ,plɪtɑ
302,pɐdpɔˑrkə,pʲidpʲirkɑ
303,ʒərtʲ,ʐɛrdɪnɑ
304,paˑɫkə,pɑlɪt͡sʲɑ
305,ʃɛˑst,pɑlɪt͡sʲɑ
306,trubaˑ,trubɑ
307,dɔˑm,dʲim
307,dɔˑm,xɑtɑ
308,dɔˑm,ʐɪtlɔ
309,pʲeˑt͡ʃʲ,pʲiʈ͡ʂ
310,pɔˑɫ,pʲidlɔɦɑ
311,stɔˑɫ,stʲil
312,stuˑɫ,stʲilɛt͡sʲ
313,kəɫɨbʲeˑl,kɔlɪskɑ
314,pɐstʲeˑl,lʲiʐkɔ
314,pɐstʲeˑl,pɔstʲilʲ
315,pɔˑɫkə,pɔlɪt͡sʲɑ
316,jaˑʃʲːik,jɑʂʈ͡ʂɪk
317,ɐknɔˑ,viknɔ
318,dvʲeˑrʲ,dwɛrʲi
319,vɐrɔˑtə,wɔrɔtɑ
320,zɐbɔˑr,pɑrkɑn
320,zɐbɔˑr,ɔɦɔrɔʐɑ
321,krɨˑʃə,dɑx
322,leˑstnʲit͡sə,drɑbɪnɑ
323,mʲɪtɫaˑ,mitlɑ
324,ɫɐpaˑtə,zɑstup
325,sɐvɔˑk,sɔwɔk
325,sɐvɔˑk,lɔpɑtɑ
326,vʲiˑɫkə,wɪdɛlkɑ
327,ɫɔˑʒkə,lɔʐkɑ
328,nɔˑʃ,nʲiʐ
329,ɡvəztʲ,t͡svɑx
330,sʲeˑtʲ,sʲitʲ
331,krʲuˑk,krʲuk
332,ruˑt͡ʃkə,ruʈ͡ʂkɑ
332,ruˑt͡ʃkə,dɛrʐɑk
333,zɐmɔˑk,zɑmɔk
334,kɐrtʲiˑnə,kɑrtɪnɑ
335,fʲiɡuˑrə,fiɦurɑ
336,kuˑkɫə,lʲɑlʲkɑ
337,mʲɪʃɔˑk,miʂɛʈ͡ʂɔk
337,mʲɪʃɔˑk,tɔrbɪnkɑ
338,svʲaˑzkə,wjɑzkɑ
339,suˑmkə,sumkɑ
340,vʲɪdrɔˑ,vidrɔ
341,krɨˑʃkə,krɪʂkɑ
342,pɐsuˑdə,pɔsud
343,mʲɪʃɔˑk,miʂɔk
344,t͡ʃaˑʃkə,ʈ͡ʂɑʂkɑ
345,kɐstrʲuˑlɪ,ɦɔrʂʈ͡ʂɪk
346,kɐtʲoɫ,kɔtɛl
347,jɪdaˑ,jiʐɑ
348,pʲiˑʃʃə,xɑrʈ͡ʂ
349,bluˑdə,strɑwɑ
349,kuˑʃənʲɪ,strɑwɑ
350,mʲaˑsə,mjɑsɔ
351,xleˑp,xlʲib
351,xleˑp,zbiʐːɑ
352,kaˑʃə,kɑʂɑ
353,xleˑp,xlʲib
354,ɫɐmɔˑtʲ,skɪbɔʈ͡ʂkɑ
355,ʒɨˑr,ʐɪr
356,maˑsɫə,mɑslɔ
357,maˑsɫə,ɔlʲijɑ
358,sɔˑl,sʲilʲ
359,suˑp,sup
360,mʲot,mɛd
361,məɫɐkɔˑ,mɔlɔkɔ
362,t͡ʃəj,ʈ͡ʂɑj
363,kɔˑʒə,ʂkirɑ
364,ʃərstʲ,ʂɛrstʲ
365,tkaˑnʲ,tkɑnɪnɑ
366,jɨɡɫaˑ,ɦɔlkɑ
367,nʲiˑtkə,nɪtkɑ
368,puˑɡəvʲit͡sə,ɡud͡zɪk
369,uˑzʲɪɫ,wuzɔl
370,kraˑskə,fɑrbɑ
371,ɐdʲeˑʒdə,ɔdʲɑɦ
371,ɐdʲeˑʒdə,ubrɑnʲːɑ
372,rubaˑʃkə,sɔrɔʈ͡ʂkɑ
373,vərɐtnʲiˑk,kɔmir
374,rukaˑf,rukɑw
375,brʲuˑki,brʲukɪ
376,pɔˑjəs,pɔjɑs
377,ʃaˑpkə,ʂɑpkɑ
378,bɐtʲiˑnək,bɔtɪnɔk
379,sɐpɔˑk,ʈ͡ʂɔbit
380,kɐlt͡sɔˑ,kilʲt͡sɛ
381,leˑntə,strʲiʈ͡ʂkɑ
382,rɐst͡ʃʲoskə,ɦrɛbinɛt͡sʲ
383,zʲeˑrkəɫə,d͡zɛrkɑlɔ
384,rʲɪmʲeˑnʲ,rɛminʲ
385,vʲɪrʲovkə,virʲɔwkɑ
386,pəvɐdɔˑk,ʂwɔrkɑ
387,ɐdʲɪjaˑɫə,kɔwdrɑ
388,pɐduˑʃkə,pɔduʂkɑ
389,pɫɐtɔˑk,xustkɑ
390,pəɫɐtʲeˑnt͡sə,ruʂnɪk
391,sʲiˑɫə,sɪlɑ
392,krʲeˑpəstʲ,sɪlɑ
393,zdɐrɔˑvʲɪ,zdɔrɔwjɑ
394,bɐleˑznʲ,xwɔrɔbɑ
395,bɔˑl,bilʲ
396,raˑnə,rɑnɑ
397,lixɐraˑdkə,ɦɑrʲɑʈ͡ʂkɑ
397,tʲɪmpʲɪrɐtuˑrə,ɦɑrʲɑʈ͡ʂkɑ
398,lɪkaˑrstvə,lʲikɪ
399,mɔˑst,mist
400,kɐɫɔˑdʲɪt͡s,kɔlɔdʲɑzʲ
401,paˑstbʲiʃʲːɪ,pɑsɔwɪʂʈ͡ʂɛ
402,trɐpaˑ,stɛʐkɑ
403,puˑtʲ,ʂlʲɑx
403,puˑtʲ,dɔrɔɦɑ
403,dɐrɔˑɡə,ʂlʲɑx
403,dɐrɔˑɡə,dɔrɔɦɑ
404,uˑlit͡sə,wulɪt͡sʲɑ
404,dɐrɔˑɡə,wulɪt͡sʲɑ
405,dʲɪrʲeˑvnʲɪ,sɛlɔ
406,ɡɔˑrət,mistɔ
407,pʲisʲmɔˑ,lɪst
408,knʲiˑɡə,knɪɦɑ
408,knʲiˑɡə,knɪʐkɑ
409,buˑkvə,bukwɑ
409,buˑkvə,lʲitɛrɑ
410,ɡɐzʲeˑtə,ɦɑzɛtɑ
411,ʒɨznʲ,ʐɪtʲːɑ
412,smʲɪrtʲ,smɛrtʲ
413,mɐɡiˑɫə,mɔɦɪlɑ
414,t͡sɛˑrkəfʲ,t͡sɛrkwɑ
415,ɡrʲeˑx,ɦrʲix
416,bɔˑx,bɔɦ
417,rɐbɔˑt͡ʃʲij,rɔbitnɪk
418,nɐt͡ʃaˑlnʲik,xɑzʲɑjin
419,maˑstʲɪr,umilɛt͡sʲ
420,vraˑt͡ʃ,lʲikɑr
421,ut͡ʃʲiˑtʲɪl,wʈ͡ʂɪtɛlʲ
422,dʲeˑnʲɡi,ɦrɔʂji
423,zɐnʲaˑtʲijə,zɑnʲɑtʲːɑ
424,məɡɐzʲiˑn,mɑɦɑzɪn
424,məɡɐzʲiˑn,krɑmnɪt͡sʲɑ
425,t͡sɪnaˑ,t͡sʲinɑ
426,tɐvaˑr,tɔwɑr
427,vɨˑɡədə,wɪɦɔdɑ
427,vɨˑɡədə,kɔrɪstʲ
428,bɐɡaˑtstvə,bɑɦɑtstwɔ
429,mʲiˑr,svit
430,strɐnaˑ,krɑjinɑ
431,ɡəsudaˑrstvə,dɛrʐɑwɑ
432,kɐrɔˑl,kɔrɔlʲ
433,vɫəstʲ,wlɑdɑ
434,ɡrɐnʲiˑt͡sə,kɔrdɔn
435,vəjnaˑ,vijnɑ
436,vraˑk,wɔrɔɦ
437,nɐsʲiˑlijə,nɑsɪlʲstwɔ
438,bɐrʲbaˑ,bij
438,bɐrʲbaˑ,bɔrɔdʲbɑ
439,ɫuˑk,luk
440,strʲɪɫaˑ,strʲilɑ
441,ruʒʲo,ruʂnɪt͡sʲɑ
441,ruʒʲo,ɦwɪntʲiwkɑ
442,ɐʃɨˑbkə,pɔmɪlkɑ
443,ɫɔˑʃ,brɛxnʲɑ
444,vrʲeˑt,ʂkɔdɑ
444,vrʲeˑt,zbɪtɔk
445,bʲɪdaˑ,nɛʂʈ͡ʂɑstʲɑ
446,vʲinaˑ,prɔwɪnɑ
447,vɔˑzrəst,vik
447,vɔˑzrəst,lʲitɑ
448,ɐkɐnt͡ʃaˑnʲijə,kinɛt͡sʲ
449,vrʲeˑmʲɪ,ʈ͡ʂɑs
450,dʲeˑnʲ,dɛnʲ
451,uˑtrə,rɑnɔk
452,pɔˑɫdʲɪnʲ,pʲiwdɛnʲ
453,vʲeˑt͡ʃʲɪr,wɛʈ͡ʂjir
454,nɔˑt͡ʃʲ,nʲiʈ͡ʂ
455,nʲɪdʲeˑlɪ,tɪʐdɛnʲ
456,mʲeˑsʲɪt͡s,misʲɑt͡sʲ
457,ɡɔˑt,rʲik
458,vʲɪsnaˑ,wɛsnɑ
459,leˑtə,lʲitɔ
460,ɔˑsʲɪnʲ,ɔsʲinʲ
461,zʲimaˑ,zɪmɑ
462,jɐnvaˑrʲ,sʲiʈ͡ʂɛnʲ
463,fʲɪvraˑl,lʲutɪj
464,maˑrt,bɛrɛzɛnʲ
465,ɐprʲeˑl,kvitɛnʲ
466,məj,trɑwɛnʲ
467,jɨjuˑnʲ,ʈ͡ʂɛrwɛnʲ
468,jɨjuˑl,lɪpɛnʲ
469,aˑvɡust,sɛrpɛnʲ
470,sʲɪntʲaˑbrʲ,wɛrɛsɛnʲ
471,ɐktʲaˑbrʲ,ʐɔwtɛnʲ
472,nɐjaˑbrʲ,lɪstɔpɑd
473,dʲɪkaˑbrʲ,ɦrudɛnʲ
474,pənʲɪdʲeˑlnʲik,pɔnɛdʲilɔk
475,vtɔˑrnʲik,viwtɔrɔk
476,srʲɪdaˑ,sɛrɛdɑ
477,t͡ʃʲɪtvʲeˑrk,ʈ͡ʂɛtwɛr
478,pʲaˑtnʲit͡sə,pjɑtnɪt͡sʲɑ
479,subbɔˑtə,subɔtɑ
480,vəskrʲɪsʲeˑnʲɪ,nɛdʲilʲɑ
481,bɐlʃɔˑj,wɛlɪkɪj
482,maˑlɪnʲkij,mɑlɪj
482,maˑlɪnʲkij,mɑlɛnʲkɪj
483,dliˑnnɨj,dɔwɦɪj
484,kɐrɔˑtkij,kɔrɔtkɪj
485,ʃɨrɔˑkij,ʂɪrɔkɪj
486,uˑzkij,wuzʲkɪj
487,ɡustɔˑj,ɦustɪj
488,tɔˑɫstɨj,tɔwstɪj
489,tɔˑnkij,tɔnkɪj
490,tɔˑnkij,drʲibnɪj
491,krʲeˑpkij,mit͡snɪj
492,pɫɔˑskij,plɔskɪj
493,ɡɫaˑdkij,rʲiwnɪj
493,ɡɫaˑdkij,ɦlɑdɛnʲkɪj
494,tvʲordɨj,twɛrdɪj
495,mʲaˑɡkij,mjɑkɪj
496,kruˑɡɫɨj,kruɦlɪj
497,ɐstrəkɐnʲeˑt͡ʃnɨj,ɦɔstrɔkint͡sɛwɪj
498,ɔˑstrɨj,ɦɔstrɪj
499,tupɔˑj,tupɪj
500,tʲɪ|ʒoɫɨj,wɑʐkɪj
501,krɐsʲiˑvɨj,wrɔdlɪwɪj
502,ʒaˑrkij,ʐɑrkɪj
502,ʒaˑrkij,ɦɑrʲɑʈ͡ʂɪj
503,tʲopɫɨj,tɛplɪj
504,xɐɫɔˑdnɨj,xɔlɔdnɪj
505,prɐxɫaˑdnɨj,prɔxɔlɔdnɪj
506,svʲeˑʒɨj,sviʐɪj
507,vɫaˑʒnɨj,wɔɦkɪj
508,mɔˑkrɨj,mɔkrɪj
509,suxɔˑj,suxɪj
510,pɔˑɫnɨj,pɔwnɪj
510,nɐpɔˑɫnʲɪnnɨj,pɔwnɪj
511,pustɔˑj,pustɪj
512,ɐtkrɨˑtɨj,vidkrɪtɪj
513,zɐkrɨˑtɨj,zɑkrɪtɪj
513,zɐkrɨˑtɨj,zɑʈ͡ʂɪnɛnɪj
514,t͡ʃʲiˑstɨj,ʈ͡ʂɪstɪj
514,t͡ʃʲiˑstɨj,ɔxɑjnɪj
515,ɡrʲaˑznɨj,brudnɪj
516,sɨrɔˑj,sɪrɪj
517,zrʲeˑɫɨj,zrʲilɪj
518,vkuˑsnɨj,smɑʈ͡ʂnɪj
519,sɫaˑdkij,sɔlɔdkɪj
520,ɡɔˑrʲkij,ɦjirkɪj
521,kiˑsɫɨj,kɪslɪj
522,svʲeˑtɫɨj,svitlɪj
523,tʲomnɨj,tɛmnɪj
524,t͡ʃʲornɨj,ʈ͡ʂɔrnɪj
525,bʲeˑɫɨj,sɪwɪj
526,kraˑsnɨj,ʈ͡ʂɛrwɔnɪj
527,ʒoɫtɨj,ʐɔwtɪj
528,sʲiˑnʲij,sɪnʲij
529,zʲɪlonɨj,zɛlɛnɪj
530,sʲeˑrɨj,sʲirɪj
531,pʲostrɨj,bɑrwɪstɪj
532,dʲɪʃovɨj,dɛʂɛwɪj
533,dərɐɡɔˑj,dɔrɔɦɪj
534,t͡sɛˑnnɨj,t͡sʲinːɪj
535,slɪpɔˑj,slʲipɪj
536,ɡɫuxɔˑj,ɦluxɪj
537,mɐɡuˑt͡ʃʲij,mɔɦutnʲij
538,sʲiˑlnɨj,sɪlʲnɪj
539,sɫaˑbɨj,slɑbkɪj
540,ʒɨˑrnɨj,ʐɪrnɪj
540,ʒɨˑrnɨj,tɔwstɪj
541,strɔˑjnɨj,tɔnkɪj
541,strɔˑjnɨj,strunkɪj
542,prʲɪleˑstnɨj,ʈ͡ʂɑrʲiwnɪj
543,zɫəj,zlɪj
543,zɫəj,lɪxɪj
544,ɡɫuˑpɨj,durnɪj
545,lɪnʲiˑvɨj,lɛdɑʈ͡ʂɪj
546,prʲileˑʒnɨj,stɑrɑnːɪj
547,ʒaˑdnɨj,skupɪj
548,uˑmnɨj,mudrɪj
548,uˑmnɨj,rɔzumnɪj
549,jɨskuˑsnɨj,umilɪj
550,mʲiˑɫɨj,mɪlɪj
551,vʲɪsʲoɫɨj,wɛsɛlɪj
552,nʲeˑʒnɨj,lɑɦjidnɪj
553,ɡɐɫɔˑdnɨj,ɦɔlɔdnɪj
554,bɐlnɔˑj,slɑbɪj
555,ɡɔˑɫɨj,ɦɔlɪj
556,ɡruˑstnɨj,sumnɪj
557,ʒɨvɔˑj,ʐɪwɪj
558,xɐrɔˑʃɨj,dɔbrɪj
559,pɫɐxɔˑj,pɔɦɑnɪj
559,pɫɐxɔˑj,kɛpsʲkɪj
560,praˑvʲilnɨj,prɑwɪlʲnɪj
561,ɐtvrɐtʲiˑtʲɪlnɨj,brɪdkɪj
561,mʲeˑrzkij,brɪdkɪj
562,nəstɐjaˑʃʲːij,sprɑwʐnʲij
563,staˑrɨj,stɑrɪj
564,nɔˑvɨj,nɔwɪj
565,bɨˑvʃɨj,kɔlɪʂnʲij
566,pəʒɨɫɔˑj,stɑrɪj
567,məɫɐdɔˑj,mɔlɔdɪj
568,bʲeˑdnɨj,bidnɪj
569,bɐɡaˑtɨj,bɑɦɑtɪj
570,znɐkɔˑmɨj,znɑjɔmɪj
571,znəmʲɪnʲiˑtɨj,slɑwɛtnɪj
572,t͡ʃuʒɔˑj,ʈ͡ʂuʐɪj
573,raˑznɨj,rʲiznɪj
574,bliˑzkij,blɪzʲkɪj
575,dɐlokij,dɑlɛkɪj
576,leˑvɨj,lʲiwɪj
577,praˑvɨj,prɑwɪj
578,druɡɔˑj,jinɑkʂɪj
579,pʲeˑrvɨj,pɛrʂɪj
580,vtɐrɔˑj,druɦɪj
581,trʲeˑtʲij,trɛtʲij
582,pɐsleˑdnʲij,ɔstɑnʲːij
583,ɐdʲiˑn,sɑm
583,ɐdʲiˑn,ɔdɪn
584,sraˑzu,vidrɑzu
585,vmʲeˑstʲɪ,rɑzɔm
585,vmʲeˑstʲɪ,spʲilʲnɔ
586,dɔˑɫɡə,dɔwɦɔ
587,vdruˑk,rɑptɔm
588,tɔˑtt͡ʃəs,zɑrɑz
589,pɔˑzʒə,pʲiznʲiʂɛ
590,sʲɪjt͡ʃaˑs,tɛpɛr
591,sʲɪvɔˑdnʲɪ,sʲɔɦɔdnʲi
592,zaˑvtrə,zɑwtrɑ
593,skɔˑrə,nɛzɑbɑrɔm
594,pɐtɔˑm,pɔtʲim
595,vt͡ʃʲɪraˑ,wʈ͡ʂɔrɑ
596,ɐdnaˑʒdɨ,kɔlɪsʲ
597,tɐɡdaˑ,tɔdʲi
598,zɐtʲeˑm,zɦɔdɔm
599,raˑnʲʃə,rɑnʲiʂɛ
600,spʲɪrvaˑ,spɛrʂu
600,spʲɪrvaˑ,spɔʈ͡ʂɑtku
601,raˑs,ɔdɪn rɑz
602,jɨnɐɡdaˑ,jinɔdʲi
602,jɨnɐɡdaˑ,jinkɔlɪ
603,t͡ʃaˑstə,ʈ͡ʂɑstɔ
604,vsʲɪɡdaˑ,zɑwʐdɪ
605,nʲikɐɡdaˑ,nʲikɔlɪ
606,zdʲeˑsʲ,tut
607,sʲudaˑ,sʲudɪ
608,ɐtsʲuˑdə,zvidsɪ
609,taˑm,tɑm
610,tudaˑ,tudɪ
611,prʲaˑmə,prʲɑmɔ
612,vpʲɪrʲot,wpɛrɛd
613,nɐzaˑt,nɑzɑd
614,ɐbraˑtnə,nɑzɑd
615,vnʲizuˑ,wnɪzu
616,vnʲiˑs,wnɪz
617,nəvʲɪrxuˑ,wɦɔrʲi
618,vvʲeˑrx,wɦɔru
619,vʲɪzdʲeˑ,skrʲizʲ
620,nʲeˑ,nɛ
621,nʲɪmnɔˑɡə,trɔxɪ
621,nʲɪmnɔˑɡə,nɛbɑɦɑtɔ
622,jɪdvaˑ,lɛdwɛ
623,ɔˑt͡ʃʲɪnʲ,duʐɛ
624,taˑk,tɑk
625,jɪʃʲːo,ʂʈ͡ʂɛ
626,tɔˑlkə,lɪʂɛ
626,tɔˑlkə,tʲilʲkɪ
627,uʒɛˑ,wʐɛ
628,ɐpʲaˑtʲ,znɔwu
629,nɐpraˑsnə,dɑrmɑ
630,pʲeˑrʲɪt,pɛrɛd
631,zaˑ,zːɑdu
631,zaˑ,pɔzɑdu
631,pəzɐdʲiˑ,zːɑdu
631,pəzɐdʲiˑ,pɔzɑdu
632,pɔˑt,pʲid
633,skvɔˑsʲ,krʲizʲ
634,vɔˑzlɪ,bilʲɑ
635,mʲeˑʒdu,miʐ
636,jɨˑz-zə,zːɑ
636,jɨˑz-zə,ʈ͡ʂɛrɛz
637,ɛˑtə,t͡sɛ
638,tɔˑ,tɔ
639,vsʲo,wsɛ
640,jaˑ,jɑ
641,tɨˑ,tɪ
642,ɔˑn,vin
643,mɨˑ,mɪ
644,vɨˑ,wɪ
645,ɐnʲiˑ,wɔnɪ
646,ʃtɔː,ʂʈ͡ʂɔ
647,ktɔˑ,xtɔ
648,ɡdʲeˑ,dɛ
649,kudaˑ,kudɪ
650,kaˑk,jɑk
651,pət͡ʃʲɪmuˑ,ʈ͡ʂɔmu
652,skɔˑlkə,skilʲkɪ
653,ɐdʲiˑn,ɔdɪn
654,dvaˑ,dwɑ
655,trʲiˑ,trɪ
656,t͡ʃʲɪtɨˑrʲɪ,ʈ͡ʂɔtɪrɪ
657,pʲaˑtʲ,pjɑtʲ
658,ʃəstʲ,ʂjistʲ
659,sʲeˑmʲ,sʲim
660,vɔˑsʲɪmʲ,visʲim
661,dʲeˑvʲɪtʲ,dɛwjɑtʲ
662,dʲeˑsʲɪtʲ,dɛsʲɑtʲ
663,ɐdʲiˑnnədt͡sətʲ,ɔdɪnɑdt͡sʲɑtʲ
664,dvʲɪnaˑdt͡sətʲ,dwɑnɑdt͡sʲɑtʲ
665,dvaˑdt͡sətʲ,dwɑdt͡sʲɑtʲ
666,trʲiˑdt͡sətʲ,trɪdt͡sʲɑtʲ
667,sɔˑrək,sɔrɔk
668,pʲɪtʲdʲɪsʲaˑt,pjɑddɛsʲɑt
669,ʃəstʲdʲɪsʲaˑt,ʂjisddɛsʲɑt
670,sʲeˑmʲdʲɪsʲɪt,sʲimdɛsʲɑt
671,vɔˑsʲɪmʲdʲɪsʲɪt,visʲimdɛsʲɑt
672,dʲɪvʲɪ|nɔˑstə,dɛwjɑnɔstɔ
673,stɔˑ,stɔ
674,tɨˑsʲɪt͡ʃə,tɪsʲɑʈ͡ʂɑ
675,jɨˑ,ji
676,jɨˑli,ɑbɔ
676,liˑbə,ɑbɔ
677,stɐjaˑtʲ,stɔjɑtɪ
678,sʲidʲeˑtʲ,sɪdʲitɪ
679,lɪʒaˑtʲ,lɛʐɑtɪ
680,vʲisʲeˑtʲ,wɪsʲitɪ
681,staˑtʲ,stɑtɪ
681,staˑtʲ,rɔbɪtɪsʲɑ
682,sɫut͡ʃʲiˑtʲsʲɪ,trɑpɪtɪsʲɑ
683,nɐt͡ʃaˑtʲsʲɪ,pɔʈ͡ʂɑtɪsʲɑ
684,kɔˑnt͡ʃʲitʲsʲɪ,kinʈ͡ʂɪtɪsʲɑ
685,mʲɪnʲaˑtʲsʲɪ,minʲɑtɪsʲɑ
686,vzəjtʲiˑ,zʲijtɪ
687,zəjtʲiˑ,zɑjtɪ
688,svʲɪtʲiˑtʲ,svitɪtɪ
689,ɡrʲɪmʲeˑtʲ,ɦrɪmitɪ
690,duˑtʲ,vijɑtɪ
691,liˑtʲsʲɪ,lɪtɪsʲɑ
692,tʲeˑt͡ʃʲ,tɛktɪ
693,vrɐʃʃaˑtʲsʲɪ,ɔbɛrtɑtɪsʲɑ
694,kəlɪbaˑtʲsʲɪ,kɔlɪwɑtɪsʲɑ
695,kɐt͡ʃaˑtʲsʲɪ,xɪtɑtɪsʲɑ
695,kɐt͡ʃaˑtʲsʲɪ,ɦɔjdɑtɪsʲɑ
696,paˑdətʲ,pɑdɑtɪ
697,ɡɐrʲeˑtʲ,ɦɔrʲitɪ
698,dɨmʲiˑtʲ,dɪmitɪ
699,dɐʒdʲiˑtʲ,dɔʂʈ͡ʂɪtɪ
700,zɐmʲorznutʲ,zmɛrznutɪ
701,taˑjətʲ,tɑnutɪ
702,pɫaˑvʲitʲsʲɪ,plɑwɪtɪsʲɑ
703,sɔˑxnutʲ,sɔxnutɪ
704,kipʲeˑtʲ,kɪpʲitɪ
705,ɡnʲiˑtʲ,ɦnɪtɪ
706,sɡnʲiˑtʲ,zɦnɪtɪ
707,rvaˑtʲsʲɪ,rwɑtɪsʲɑ
708,tɐnuˑtʲ,tɔnutɪ
709,prəxɐdʲiˑtʲ,prɔxɔdɪtɪ
710,pəjɐvʲiˑtʲsʲɪ,zjɑwɪtɪsʲɑ
711,jɨst͡ʃʲeˑznutʲ,ʂʈ͡ʂɛznutɪ
711,jɨst͡ʃʲeˑznutʲ,znɪknutɪ
712,spɐdaˑtʲ,spɑdɑtɪ
713,umʲeˑnʲʃɨtʲsʲɪ,pɔmɛnʂɪtɪsʲɑ
714,uvʲɪliˑt͡ʃʲivətʲsʲɪ,zbilʲʂuwɑtɪsʲɑ
715,pədnʲimaˑtʲsʲɪ,pʲidnʲimɑtɪsʲɑ
716,rɐstʲiˑ,rɔstɪ
717,blɪstʲeˑtʲ,blɪʂʈ͡ʂɑtɪ
718,svʲɪrkaˑtʲ,blɪskɑtɪ
719,ʃumʲeˑtʲ,ʂumitɪ
720,zvɐnʲiˑtʲ,d͡zwɔnɪtɪ
721,zvɐnʲiˑtʲ,d͡zwɔnɪtɪ
722,zvʲaˑkətʲ,d͡zvɑkɑtɪ
723,buʃɪvaˑtʲ,buʂuwɑtɪ
724,ʃəlɪstʲeˑtʲ,ʂɛlɛstʲitɪ
725,zvut͡ʃaˑtʲ,lunɑtɪ
725,zvut͡ʃaˑtʲ,zwuʈ͡ʂɑtɪ
726,ɫaˑjətʲ,ɦɑwkɑtɪ
727,vɨˑtʲ,wɪtɪ
728,duˑnutʲ,dunutɪ
729,svʲistʲeˑtʲ,swɪstʲitɪ
730,krʲit͡ʃaˑtʲ,krɪʈ͡ʂɑtɪ
731,stɐnaˑtʲ,stɔɦnɑtɪ
732,drɐʒaˑtʲ,trɛmtʲitɪ
733,ʒɨˑtʲ,ʐɪtɪ
734,rɐdʲiˑtʲsʲɪ,nɑrɔdɪtɪsʲɑ
735,dɨʃaˑtʲ,dɪxɑtɪ
736,pʲiˑtʲ,pɪtɪ
737,jəstʲ,jistɪ
737,kuˑʃətʲ,jistɪ
738,ɡɫɐtaˑtʲ,kɔwtɑtɪ
739,ustaˑtʲ,wtɔmɪtɪsʲɑ
740,zɐsnuˑtʲ,zɑsnutɪ
741,spaˑtʲ,spɑtɪ
742,prɐsnuˑtʲsʲɪ,prɔkɪnutɪsʲɑ
743,vstaˑtʲ,wstɑtɪ
744,ɐtdɨxaˑtʲ,vidpɔʈ͡ʂɪwɑtɪ
745,zəbɐleˑtʲ,zɑxwɔrʲitɪ
746,bɐleˑtʲ,xwɔrʲitɪ
747,bɐleˑtʲ,bɔlʲitɪ
748,kaˑʃlɪtʲ,kɑʂlʲɑtɪ
749,pɐpraˑvʲitʲsʲɪ,ɔduʐɑtɪ
749,pɐpraˑvʲitʲsʲɪ,wɪduʐɑtɪ
750,umʲɪrʲeˑtʲ,pɔmɛrtɪ
751,pɐɡiˑbnutʲ,zɦɪnutɪ
752,dvʲiˑɡətʲsʲɪ,ruxɑtɪsʲɑ
753,ʃəvʲɪlnuˑtʲsʲɪ,wɔruʂɪtɪsʲɑ
754,vstaˑtʲ,wstɑtɪ
755,sʲɪstʲ,sʲistɪ
756,upaˑstʲ,upɑstɪ
757,xɐdʲiˑtʲ,xɔdɪtɪ
758,ʃɐɡaˑtʲ,krɔkuwɑtɪ
759,ɡulaˑtʲ,ɦulʲɑtɪ
760,spʲɪʃɨˑtʲ,spʲiʂɪtɪ
761,tərɐpʲiˑtʲsʲɪ,pɔspʲiʂɑtɪ
762,mt͡ʃaˑtʲsʲɪ,mʈ͡ʂɑtɪsʲɑ
763,bʲeˑɡətʲ,biɦɑtɪ
764,prɨˑɡətʲ,skɑkɑtɪ
764,prɨˑɡətʲ,strɪbɑtɪ
765,ɫaˑzətʲ,lɑzɪtɪ
766,rɐskaˑt͡ʃʲivətʲsʲɪ,ɦɔjdɑtɪsʲɑ
767,pɔˑɫzətʲ,pɔwzɑtɪ
768,pɫaˑvətʲ,plɪwtɪ
768,pɫaˑvətʲ,plɑwɑtɪ
769,nɨrʲaˑtʲ,pʲirnɑtɪ
770,ɡrʲɪstʲiˑ,ɦrɛbtɪ
770,ɡrʲɪstʲiˑ,wɛsluwɑtɪ
771,jɛˑxətʲ,jixɑtɪ
772,lɪtaˑtʲ,lʲitɑtɪ
773,jɨdtʲiˑ,jitɪ
774,ujtʲiˑ,pʲitɪ
775,ɐtpraˑvʲitʲsʲɪ,vidjixɑtɪ
775,ɐtpraˑvʲitʲsʲɪ,vidprɑwɪtɪsʲɑ
776,ɐstənɐvʲiˑtʲsʲɪ,zupɪnɪtɪsʲɑ
777,vxɐdʲiˑtʲ,wxɔdɪtɪ
778,vəjtʲiˑ,uvijtɪ
779,prʲijtʲiˑ,prɪjtɪ
780,prʲibɨˑtʲ,prɪbutɪ
781,vəzvrɐtʲiˑtʲsʲɪ,pɔwɛrnutɪsʲɑ
782,ɐstaˑtʲsʲɪ,zɑlɪʂɪtɪsʲɑ
783,ʒdaˑtʲ,ʈ͡ʂɛkɑtɪ
784,ɐʒɨdaˑtʲ,ʈ͡ʂɛkɑtɪ
785,jɨskaˑtʲ,ʂukɑtɪ
786,nəjtʲiˑ,znɑjtɪ
787,pɨtaˑtʲsʲɪ,wɪprɔbɔwuwɑtɪ
788,pədɡɐtɔˑvʲitʲ,pʲidɦɔtuwɑtɪ
789,lubʲiˑtʲ,lʲubɪtɪ
790,lubʲiˑtʲ,lʲubɪtɪ
790,lubʲiˑtʲ,pɔdɔbɑtɪsʲɑ
791,smʲɪjaˑtʲsʲɪ,smijɑtɪsʲɑ
792,rɐstrɔˑɡətʲ,rɔzʈ͡ʂulɪtɪ
793,pɫaˑkətʲ,plɑkɑtɪ
794,ruɡaˑtʲsʲɪ,lɑjɑtɪsʲɑ
795,sʲɪrdʲiˑtʲsʲɪ,sɛrdɪtɪsʲɑ
796,bɐjaˑtʲsʲɪ,bɔjɑtɪsʲɑ
797,bɐjaˑtʲsʲɪ,bɔjɑtɪsʲɑ
798,ubʲeˑɡətʲ,tʲikɑtɪ
799,ubʲɪʒaˑtʲ,utɛktɪ
800,vʲiˑdʲɪtʲ,bɑʈ͡ʂɪtɪ
801,pəsmɐtrʲeˑtʲ,pɔɦlʲɑnutɪ
802,smɐtrʲeˑtʲ,dɪwɪtɪsʲɑ nɑ
803,sɫɨˑʃətʲ,ʈ͡ʂutɪ
804,sɫuˑʃətʲ,sluxɑtɪ
805,prɔˑbəvətʲ,pɔkuʂtuwɑtɪ
806,nʲuˑxətʲ,nʲuxɑtɪ
807,t͡ʃuˑvstvəvətʲ,vidʈ͡ʂuwɑtɪ
808,kɐzaˑtʲsʲɪ,zdɑwɑtɪsʲɑ
809,vʲidnʲeˑtʲsʲɪ,wɪdnʲitɪsʲɑ
810,usɫɨˑʃətʲ,pɔʈ͡ʂutɪ
811,mʲorznutʲ,mɛrznutɪ
812,dʲeˑɫətʲ,rɔbɪtɪ
813,mɔˑt͡ʃʲ,mɔɦtɪ
813,umʲeˑtʲ,mɔɦtɪ
814,xɐtʲeˑtʲ,xɔtʲitɪ
815,nɐt͡ʃaˑtʲ,pɔʈ͡ʂɑtɪ
816,zɐkɔˑnt͡ʃʲitʲ,zɑkinʈ͡ʂɪtɪ
817,pʲɪrʲɪstaˑtʲ,pɛrɛstɑtɪ
818,udaˑtʲsʲɪ,wdɑtɪsʲɑ
819,ɐkɐzaˑtʲsʲɪ,ɔpɪnɪtɪsʲɑ
820,ɐtkrɨˑtʲ,vidkrɪtɪ
821,zɐkrɨˑtʲ,zɑkrɪtɪ
822,pɐstaˑvʲitʲ,pɔstɑwɪtɪ
823,pəsɐdʲiˑtʲ,pɔsɑdɪtɪ
824,kɫəstʲ,klɑstɪ
825,trɔˑɡətʲ,ʈ͡ʂjipɑtɪ
826,svʲɪ|zaˑtʲ,zwjɑzɑtɪ
827,pɐkrɨˑtʲ,pɔkrɪtɪ
828,pɐvʲeˑsʲitʲ,pɔvisɪtɪ
829,zɐʒɛˑt͡ʃʲ,zɑpɑlɪtɪ
830,pɐdnʲaˑtʲ,pʲidnʲɑtɪ
831,ɐstaˑvʲitʲ,zɑlɪʂɪtɪ
832,pətʲɪrʲaˑtʲ,zɑɦubɪtɪ
833,urɐnʲiˑtʲ,upustɪtɪ
834,sdʲeˑɫətʲ,zrɔbɪtɪ
835,jɨzɡɐtɔˑvʲitʲ,wɪɦɔtɔwɪtɪ
836,strɔˑjɨtʲ,buduwɑtɪ
837,t͡ʃʲinʲiˑtʲ,lɑɦɔdɪtɪ
838,uɫut͡ʃʃɨˑtʲ,pɔlʲipʂɪtɪ
839,jɨzmʲɪnʲiˑtʲ,zminɪtɪ
840,kɐpaˑtʲ,kɔpɑtɪ
841,sɐɡnuˑtʲ,zʲiɦnutɪ
842,pɐɡnuˑtʲ,pɔɦnutɪ
843,vʲɪrtʲeˑtʲ,wɛrtʲitɪ
844,pəvʲɪrnuˑtʲ,pɔwɛrnutɪ
845,pʲɪrʲɪvʲɪrnuˑtʲ,pɛrɛwɛrnutɪ
846,pədnʲimaˑtʲ,pʲidnʲimɑtɪ
847,pɐdnʲaˑtʲ,pʲidnʲɑtɪ
848,sxvɐtʲiˑtʲ,sxɔpɪtɪ
849,dʲɪrʒaˑtʲ,trɪmɑtɪ
850,nəʒɨmaˑtʲ,nɑtɪskɑtɪ
851,tɐɫkaˑtʲ,pxɑtɪ
851,tɐɫkaˑtʲ,ʂtɔwxɑtɪ
852,skrʲɪstʲiˑ,ʂkrɛbtɪ
853,lizaˑtʲ,lɪzɑtɪ
854,kusaˑtʲ,kusɑtɪ
855,ɐtɐrvaˑtʲ,vidʲirwɑtɪ
856,ɐtrʲeˑzətʲ,vidrʲizɑtɪ
857,vʲɪ|zaˑtʲ,wjɑzɑtɪ
858,vɐtknuˑtʲ,uvitknutɪ
859,sɫɐmaˑtʲ,zlɑmɑtɪ
860,stut͡ʃaˑtʲ,stukɑtɪ
861,bʲiˑtʲ,bɪtɪ
862,kleˑjɨtʲ,klɛjitɪ
863,tʲɪrʲeˑtʲ,tɛrtɪ
864,nɐmaˑzətʲ,nɑmɑzɑtɪ
865,tɐt͡ʃʲiˑtʲ,tɔʈ͡ʂɪtɪ
866,rʲeˑzətʲ,rʲizɑtɪ
867,ʃɐtaˑtʲ,xɪtɑtɪ
868,trʲɪ|stʲiˑ,trʲɑstɪ
869,mɐxaˑtʲ,mɑxɑtɪ
870,nɐliˑtʲ,nɑlɪtɪ
871,nɐpɔˑɫnʲitʲ,nɑpɔwnɪtɪ
872,zəvʲɪrnuˑtʲ,zɑɦɔrnutɪ
873,nʲɪstʲiˑ,nɛstɪ
874,tɐʃʲːiˑtʲ,tʲɑɦtɪ
875,tʲɪ|nuˑtʲ,tʲɑɦnutɪ
876,xrɐnʲiˑtʲ,zbɛrʲiɦɑtɪ
877,brɐsaˑtʲ,kɪdɑtɪ
878,ɫɐvʲiˑtʲ,lɔwɪtɪ
879,sxvɐtʲiˑtʲ,sxɔpɪtɪ
880,sprʲaˑtətʲ,sxɔwɑtɪ
881,rəzdʲɪliˑtʲ,rɔzdʲilɪtɪ
882,pəsɨɫaˑtʲ,pɔsɪlɑtɪ
883,prʲinʲɪstʲiˑ,prɪnɛstɪ
884,dɐbaˑvʲitʲ,dɔdɑtɪ
885,dɐstaˑtʲ,dʲistɑtɪ
886,pəɫut͡ʃʲiˑtʲ,ɔdɛrʐɑtɪ
887,vzʲaˑtʲ,wzʲɑtɪ
888,vɨˑbrətʲ,wɪbrɑtɪ
889,ɐtɐbraˑtʲ,vidʲibrɑtɪ
890,səxrɐnʲiˑtʲ,zbɛrɛɦtɪ
891,prʲɪpʲaˑtstvəvətʲ,pɛrɛʂkɔɖ͡ʐɑtɪ
892,jɨspɔˑrtʲitʲ,zʲipsuwɑtɪ
893,pəvrʲɪdʲiˑtʲ,zɑʂkɔdɪtɪ
894,rɐzbʲiˑtʲ,rɔzbɪtɪ
895,rəzɐrvaˑtʲ,rɔzʲirwɑtɪ
896,rɐzruˑʃɨtʲ,zrujnuwɑtɪ
897,sʒɛˑt͡ʃʲ,spɑlɪtɪ
898,daˑtʲ,dɑtɪ
899,pʲɪrʲɪdaˑtʲ,pɛrɛdɑtɪ
900,dɐrʲiˑtʲ,dɑruwɑtɪ
901,ɐbʲɪʃʃaˑtʲ,ɔbit͡sʲɑtɪ
902,ʒɪɫaˑtʲ,bɑʐɑtɪ
903,xvɐliˑtʲ,xwɑlɪtɪ
904,t͡səɫɐvaˑtʲ,t͡sʲiluwɑtɪ
905,kɐt͡ʃaˑtʲ,kɑʈ͡ʂɑtɪ
906,nɐkrɨˑtʲ,nɑkrɪtɪ
907,rəzbudʲiˑtʲ,rɔzbudɪtɪ
908,pəkɐzaˑtʲ,pɔkɑzɑtɪ
909,vʲɪstʲiˑ,wɛstɪ
910,ut͡ʃʲiˑtʲ,wʈ͡ʂɪtɪ
911,prʲɪpədɐvaˑtʲ,wɪklɑdɑtɪ
912,vəspʲitaˑtʲ,wɪxɔwɑtɪ
913,rukəvɐdʲiˑtʲ,kɛruwɑtɪ
914,pədɡɐnʲaˑtʲ,pʲidɦɑnʲɑtɪ
915,zɐstaˑvʲitʲ,zmusɪtɪ
916,prʲiɡɫɐsʲiˑtʲ,zɑprɔsɪtɪ
917,ɐbəjədʲinʲiˑtʲ,ɔbjɛdnɑtɪ
918,pəsʲɪtʲiˑtʲ,zɑvitɑtɪ
918,pəsʲɪtʲiˑtʲ,vidvidɑtɪ
919,vstrʲɪtʲiˑtʲ,zustrʲitɪ
920,sɐbraˑtʲsʲɪ,zʲibrɑtɪsʲɑ
921,jɨɡraˑtʲ,ɦrɑtɪ
922,pʲeˑtʲ,spʲiwɑtɪ
923,plaˑsətʲ,tɑnt͡sʲuwɑtɪ
923,tənt͡sɪvaˑtʲ,tɑnt͡sʲuwɑtɪ
924,rɐsstaˑtʲsʲɪ,rɔzluʈ͡ʂɪtɪsʲɑ
925,pɐkiˑnutʲ,pɔkɪnutɪ
926,spɐstʲiˑ,wrʲɑtuwɑtɪ
927,ɐxrɐnʲaˑtʲ,ɔxɔrɔnʲɑtɪ
928,ubʲɪrʲɪɡaˑtʲ,ubɛrʲiɦɑtɪ
929,zəʃʲːitʲiˑtʲ,zɑxɪstɪtɪ
930,draˑtʲsʲɪ,bɪtɪsʲɑ
930,draˑtʲsʲɪ,drɑtɪsʲɑ
931,strʲɪlaˑtʲ,strʲilʲɑtɪ
932,pəbʲɪdʲiˑtʲ,pɛrɛmɔɦtɪ
933,sʲɪrdʲiˑtʲ,sɛrdɪtɪ
934,udaˑrʲitʲ,udɑrɪtɪ
935,pʲinaˑtʲ,ʂtɔwxɑtɪ
936,ukɐɫɔˑtʲ,wkɔlɔtɪ
937,tɐɫknuˑtʲ,ʂtɔwxnutɪ
938,ukraˑstʲ,ukrɑstɪ
939,pəmʲɪʃaˑtʲ,pɛrɛʂkɔdɪtɪ
940,nədəjɪdaˑtʲ,dɔkuʈ͡ʂɑtɪ
941,skrɨˑtʲ,sxɔwɑtɪ
942,ɐbmɐnuˑtʲ,ɔbdurɪtɪ
943,smɐʃɛˑnnʲit͡ʃətʲ,ʂːɑxrɑjuwɑtɪ
944,ubʲiˑtʲ,ubɪtɪ
945,prəʒɨvaˑtʲ,ʐɪtɪ
945,prəʒɨvaˑtʲ,mɛʂkɑtɪ
946,rɐbɔˑtətʲ,prɑt͡sʲuwɑtɪ
947,sɐbraˑtʲ,zʲibrɑtɪ
948,rvaˑtʲ,zrɪwɑtɪ
948,srɨvaˑtʲ,zrɪwɑtɪ
949,ɐxɔˑtʲitʲsʲɪ,pɔlʲuwɑtɪ
950,rɨbaˑt͡ʃʲitʲ,rɪbɑlɪtɪ
951,pəjmaˑtʲ,pʲijmɑtɪ
952,pɐstʲiˑ,pɑstɪ
953,ɡnaˑtʲ,ɦnɑtɪ
954,prʲivʲɪ|zaˑtʲ,prɪwjɑzɑtɪ
955,kɐrmʲiˑtʲ,ɦɔduwɑtɪ
955,kɐrmʲiˑtʲ,xɑrʈ͡ʂuwɑtɪ
956,dɐjɨˑtʲ,dɔjitɪ
957,rubʲiˑtʲ,rubɑtɪ
958,pɐliˑtʲ,pɔlɪtɪ
959,sɐzrʲeˑtʲ,dɔzrʲitɪ
960,prʲiɡɐtɔˑvʲitʲ,zɦɔtɔwɪtɪ
960,prʲiɡɐtɔˑvʲitʲ,prɪɦɔtuwɑtɪ
961,vɐrʲiˑtʲ,wɑrɪtɪ
961,vɐrʲiˑtʲ,ɦɔtuwɑtɪ
962,pʲeˑt͡ʃʲ,pɛktɪ
963,ʒaˑrʲitʲ,smɑʐɪtɪ
964,pʲɪrʲɪmʲɪʃaˑtʲ,pɛrɛmiʂʈ͡ʂɑtɪ
965,vʲɪ|zaˑtʲ,wjɑzɑtɪ
966,ʃɨˑtʲ,ʂɪtɪ
967,pɐkraˑsʲitʲ,pɔfɑrbuwɑtɪ
968,ɐt͡ʃʲiˑstʲitʲ,ɔʈ͡ʂɪstɪtɪ
969,stʲiraˑtʲ,mɪtɪ
970,vɨˑtʲɪrʲɪtʲ,wɪtɛrtɪ
971,pəɫɐskaˑtʲ,pɔlɔskɑtɪ
972,pədmʲɪtaˑtʲ,pʲidmitɑtɪ
973,mʲɪstʲiˑ,mɛstɪ
974,kupaˑtʲsʲɪ,kupɑtɪsʲɑ
975,mɨˑtʲsʲɪ,mɪtɪsʲɑ
976,snʲaˑtʲ,znʲɑtɪ
977,nɐdʲeˑtʲ,nɑdʲitɪ
978,ɐdʲeˑtʲsʲɪ,ɔdʲɑɦtɪsʲɑ
978,ɐdʲeˑtʲsʲɪ,ɔdʲɑɦnutɪsʲɑ
979,prʲit͡ʃʲɪsaˑtʲ,zɑʈ͡ʂɛsɑtɪ
980,ukraˑsʲitʲ,ɔzdɔbɪtɪ
981,skɐzaˑtʲ,skɑzɑtɪ
982,ɡəvɐrʲiˑtʲ,ɦɔwɔrɪtɪ
983,rəzɡɐvaˑrʲivətʲ,rɔzmɔwlʲɑtɪ
984,bʲɪsʲeˑdəvətʲ,bɛsʲiduwɑtɪ
985,sprɐsʲiˑtʲ,zɑpɪtɑtɪ
986,prɐsʲiˑtʲ,prɔsɪtɪ
987,rəsskɐzaˑtʲ,rɔzpɔvistɪ
988,səɐbʃʲːiˑtʲ,pɔvidɔmɪtɪ
989,nɐzvaˑtʲ,nɑzwɑtɪ
990,zvaˑtʲ,klɪkɑtɪ
991,xvaˑstətʲsʲɪ,xwɑlɪtɪsʲɑ
992,pʲɪrʲɪvʲɪstʲiˑ,pɛrɛklɑstɪ
993,duˑmətʲ,dumɑtɪ
993,duˑmətʲ,mɪslɪtɪ
994,vʲeˑrʲitʲ,virɪtɪ
995,zɐmʲeˑtʲitʲ,pɔmitɪtɪ
996,uznaˑtʲ,pʲiznɑtɪ
997,pɐnʲaˑtʲ,ɔsʲɑɦnutɪ
997,pɐstʲiˑt͡ʃʲ,ɔsʲɑɦnutɪ
998,usɫɨˑʃətʲ,pɔʈ͡ʂutɪ
999,ut͡ʃʲiˑtʲsʲɪ,nɑwʈ͡ʂɑtɪsʲɑ
1000,znaˑtʲ,znɑtɪ
1001,vspɔˑmnʲitʲ,pɑmjɑtɑtɪ
1002,zɐbɨˑtʲ,zɑbutɪ
1003,mʲeˑrʲitʲ,mirʲɑtɪ
1004,st͡ʃʲitaˑtʲ,lʲiʈ͡ʂɪtɪ
1005,st͡ʃʲitaˑtʲ,rɑxuwɑtɪ
1006,t͡ʃʲitaˑtʲ,ʈ͡ʂɪtɑtɪ
1007,rʲisɐvaˑtʲ,mɑlʲuwɑtɪ
1008,rʲisɐvaˑtʲ,rɪsuwɑtɪ
1009,pʲisaˑtʲ,pɪsɑtɪ
1010,jɨmʲeˑtʲ,mɑtɪ
1011,kupʲiˑtʲ,kupɪtɪ
1012,prɐdaˑtʲ,prɔdɑtɪ
1013,zəpɫɐtʲiˑtʲ,zɑplɑtɪtɪ
1014,pɫɐtʲiˑtʲ,plɑtɪtɪ
1015,vɫɐdʲeˑtʲ,wɔlɔdʲitɪ
1016,vɨˑtʲɪrpʲɪtʲ,wɪtɛrpʲitɪ
