concept_id,rus,ukr,distance
2, ['#', '*', 'uˑ', 'x', 'ə'], ['#', 'w', 'u', 'x', 'ɔ'], 0.3
3, ['#', 'n', 'ɔˑ', 's'], ['#', 'nʲ', 'i', 's'], 0.22
4, ['#', 'r', 'ɔˑ', 't'], ['#', 'r', 'ɔ', 't'], 0.04
5, ['#', 'z', 'uˑ', 'p'], ['#', 'z', 'u', 'b'], 0.09
6, ['#', 'j', 'ɐ', 'z', 'ɨˑ', 'k'], ['#', 'j', 'ɑ', 'z', 'ɪ', 'k'], 0.08
7, ['#', 'ɡ', 'u', 'b', 'aˑ'], ['#', 'ɦ', 'u', 'b', 'ɑ'], 0.15
10, ['#', 'ɫ', 'ɔˑ', 'p'], ['#', 'l', 'ɔ', 'b'], 0.19
11, ['#', 'v', 'ɔˑ', 'ɫ', 'ə', 's', 'ɨ'], ['#', 'w', 'ɔ', 'l', 'ɔ', 'sʲː', 'ɑ'], 0.31
12, ['#', '*', 'u', 's', 'ɨˑ'], ['#', 'w', 'u', 's', 'ɑ'], 0.28
13, ['#', 'b', 'ə', 'r', 'ɐ', 'd', 'aˑ'], ['#', 'b', 'ɔ', 'r', 'ɔ', 'd', 'ɑ'], 0.14
14, ['#', 'p', 'ə', 'd', 'b', 'ɐ', 'r', 'ɔˑ', 'd', 'ə', 'k'], ['#', 'pʲ', 'i', 'd', 'b', 'ɔ', 'rʲ', 'i', 'dʲː', 'ɑ', '*'], 0.3
16, ['#', 'ɡ', 'ɔˑ', 'r', 'ɫ', 'ə'], ['#', 'ɦ', 'ɔ', 'r', 'l', 'ɔ'], 0.22
17, ['#', 'ʃ', 'ɛˑ', 'j', 'ə'], ['#', 'ʂ', 'ɪ', 'j', 'ɑ'], 0.15
19, ['#', 'ɡ', 'ə', 'ɫ', 'ɐ', 'v', 'aˑ'], ['#', 'ɦ', 'ɔ', 'l', 'ɔ', 'w', 'ɑ'], 0.34
20, ['#', 's', 'pʲ', 'i', 'n', 'aˑ'], ['#', 's', 'p', 'ɪ', 'n', 'ɑ'], 0.12
21, ['#', 'ʒ', 'ɨ', 'v', 'ɔˑ', 't'], ['#', 'ʐ', 'ɪ', 'v', 'i', 't'], 0.16
22, ['#', 'p', 'u', 'p', 'ɔˑ', 'k'], ['#', 'p', 'u', 'p', 'ɔ', 'k'], 0.03
24, ['#', 'ɡ', 'r', 'uˑ', 'tʲ', '*'], ['#', 'ɦ', 'r', 'u', 'd', 'ɪ'], 0.33
25, ['#', 'p', 'l', 'ɪ', 't͡ʃ', 'ɔˑ'], ['#', 'p', 'l', 'ɛ', 'ʈ͡ʂ', 'ɛ'], 0.16
26, ['#', 'r', 'u', 'k', 'aˑ'], ['#', 'r', 'u', 'k', 'ɑ'], 0.07
27, ['#', 'ɫ', 'ɔˑ', 'k', 'ə', 'tʲ'], ['#', 'lʲ', 'i', 'k', 'ɔ', 'tʲ'], 0.27
29, ['#', 'ɫ', 'ɐ', 'd', 'ɔˑ', 'nʲ', '*'], ['#', 'd', 'ɔ', 'l', 'ɔ', 'nʲ', 'ɑ'], 0.3
30, ['#', 'p', 'aˑ', 'l', 'ɪ', 't͡s'], ['#', 'p', 'ɑ', 'l', 'ɛ', 't͡sʲ'], 0.13
31, ['#', 'n', 'ɔˑ', 'ɡ', 'ə', 'tʲ'], ['#', 'nʲ', 'i', 'ɦ', 'ɔ', 'tʲ'], 0.27
32, ['#', 'n', 'ɔˑ', 'ɡ', 'ə', 'tʲ'], ['#', 'nʲ', 'i', 'ɦ', 'ɔ', 'tʲ'], 0.27
35, ['#', 'pʲ', '*', 'aˑ', 't', 'k', 'ə'], ['#', 'p', 'j', 'ɑ', 't', 'k', 'ɑ'], 0.25
36, ['#', 'k', 'ɐ', 'l', 'eˑ', 'n', 'ə'], ['#', 'k', 'ɔ', 'lʲ', 'i', 'n', 'ɔ'], 0.16
37, ['#', '*', 'bʲ', 'ɪ', 'd', 'r', 'ɔˑ'], ['#', 's', 't', 'ɛ', 'ɦ', 'n', 'ɔ'], 0.37
38, ['#', 'n', 'ɐ', 'ɡ', 'aˑ'], ['#', 'n', 'ɔ', 'ɦ', 'ɑ'], 0.21
39, ['#', 'tʲ', 'eˑ', 'ɫ', 'ə'], ['#', 'tʲ', 'i', 'l', 'ɔ'], 0.2
40, ['#', '*', 'k', 'ɔˑ', 'ʒ', 'ə'], ['#', 'ʂ', 'k', 'i', 'r', 'ɑ'], 0.37
41, ['#', 'k', 'r', 'ɔˑ', 'fʲ'], ['#', 'k', 'r', 'ɔ', 'w'], 0.19
42, ['#', 'vʲ', 'eˑ', 'n', 'ə'], ['#', 'w', 'ɛ', 'n', 'ɑ'], 0.22
43, ['#', 's', 'u', 'x', 'ɐ', 'ʒ', 'ɨˑ', 'l', 'i', 'j', 'ə'], ['#', 's', 'u', 'x', 'ɔ', 'ʐ', 'ɪ', 'lʲː', '*', '*', 'ɑ'], 0.31
44, ['#', 'k', 'ə', 's', 'tʲ', '*', '*'], ['#', 'k', 'i', 's', 't', 'k', 'ɑ'], 0.35
45, ['#', 'm', 'ɔˑ', 'z', '*', 'k'], ['#', 'm', 'ɔ', 'z', 'ɔ', 'k'], 0.19
46, ['#', 'sʲ', 'eˑ', 'r', 'd', 't͡s', 'ə'], ['#', 's', 'ɛ', 'r', '*', 't͡s', 'ɛ'], 0.23
47, ['#', 'ʒ', 'ɪ', 'ɫ', 'uˑ', 'd', 'ə', 'k'], ['#', 'ʂ', '*', 'l', 'u', 'n', 'ɔ', 'k'], 0.3
49, ['#', 'd', 'ɨ', 'x', 'aˑ', 'nʲ', 'i', 'j', 'ə'], ['#', 'd', 'ɪ', 'x', 'ɑ', 'nʲː', '*', '*', 'ɑ'], 0.33
50, ['#', 'ɡ', 'ɔˑ', 'ɫ', 'ə', 't'], ['#', 'ɦ', 'ɔ', 'l', 'ɔ', 'd'], 0.25
51, ['#', 's', 'l', 'ɪ', 'z', 'aˑ'], ['#', 's', 'lʲ', 'ɔ', 'z', 'ɑ'], 0.17
52, ['#', 'v', 'k', 'uˑ', 's'], ['#', 's', 'm', 'ɑ', 'k'], 0.36
53, ['#', 'z', 'aˑ', 'p', 'ə', 'x'], ['#', 'z', 'ɑ', 'p', 'ɑ', 'x'], 0.1
54, ['#', 's', 'ɔˑ', 'n'], ['#', 's', 'ɔ', 'n'], 0.04
56, ['#', 'nʲ', 'eˑ', 'b', 'ə'], ['#', 'n', 'ɛ', 'b', 'ɔ'], 0.16
57, ['#', 's', 'ɔˑ', 'n', 't͡s', 'ə'], ['#', 's', 'ɔ', 'n', 't͡s', 'ɛ'], 0.06
59, ['#', 'z', 'vʲ', 'ɪ', 'z', 'd', 'aˑ'], ['#', '*', 'zʲ', 'i', 'r', 'k', 'ɑ'], 0.31
61, ['#', 'vʲ', 'eˑ', 'tʲ', 'ɪ', 'r'], ['#', 'v', 'i', 't', 'ɛ', 'r'], 0.15
63, ['#', 'v', 'ɐ', 'd', 'aˑ'], ['#', 'w', 'ɔ', 'd', 'ɑ'], 0.25
64, ['#', 'k', 'aˑ', 'mʲ', 'ɪ', 'nʲ'], ['#', 'k', 'ɑ', 'm', 'i', 'nʲ'], 0.12
66, ['#', 'zʲ', 'ɪ', 'm', 'l', 'aˑ'], ['#', 'z', 'ɛ', 'm', 'lʲ', 'ɑ'], 0.16
67, ['#', 'p', 'ɨˑ', 'l'], ['#', 'p', 'ɪ', 'l'], 0.08
68, ['#', 'd', 'ɨˑ', 'm'], ['#', 'd', 'ɪ', 'm'], 0.08
69, ['#', 'j', 'ɨˑ', 's', 'k', 'r', 'ə'], ['#', 'j', 'i', 's', 'k', 'r', 'ɑ'], 0.07
70, ['#', '*', 'ɐ', 'ɡ', 'ɔˑ', 'nʲ'], ['#', 'w', 'ɔ', 'ɦ', 'ɔ', 'nʲ'], 0.32
71, ['#', 's', 'vʲ', 'eˑ', 't', '*', '*'], ['#', 's', 'v', 'i', 't', 'l', 'ɔ'], 0.35
72, ['#', 'tʲ', 'eˑ', 'nʲ'], ['#', 'tʲ', 'i', 'nʲ'], 0.06
73, ['#', 'p', 'ɐ', 'ɡ', 'ɔˑ', 'd', 'ə'], ['#', 'p', 'ɔ', 'ɦ', 'ɔ', 'd', 'ɑ'], 0.16
74, ['#', 't', 'u', 'm', 'aˑ', 'n'], ['#', 't', 'u', 'm', 'ɑ', 'n'], 0.06
76, ['#', 'd', 'ə', 'ʒ', 'tʲ'], ['#', 'd', 'ɔ', 'ʂ', 'ʈ͡ʂ'], 0.23
77, ['#', 's', 'nʲ', 'eˑ', 'k'], ['#', 's', 'nʲ', 'i', 'ɦ'], 0.17
78, ['#', 'l', 'o', 't'], ['#', 'lʲ', 'i', 'd'], 0.2
79, ['#', 'm', 'ɐ', 'r', 'ɔˑ', 's'], ['#', 'm', 'ɔ', 'r', 'ɔ', 'z'], 0.12
80, ['#', 'x', 'ɔˑ', 'ɫ', 'ə', 't'], ['#', 'x', 'ɔ', 'l', 'ɔ', 'd'], 0.18
81, ['#', 'ʒ', 'ɐ', 'r', 'aˑ'], ['#', 'ʐ', 'ɑ', 'r', '*'], 0.25
82, ['#', 'j', 'ɨˑ', 'nʲ', 'ɪ', 'j'], ['#', 'j', 'i', 'nʲ', 'i', 'j'], 0.07
83, ['#', 'r', 'aˑ', '*', 'd', 'u', 'ɡ', 'ə'], ['#', 'r', 'ɑ', 'j', 'd', 'u', 'ɦ', 'ɑ'], 0.25
84, ['#', 'ɡ', 'r', 'ɔˑ', 'm'], ['#', 'ɦ', 'rʲ', 'i', 'm'], 0.25
85, ['#', 'tʲ', 'ɪ', 't͡ʃʲ', 'eˑ', 'nʲ', 'i', 'j', 'ə'], ['#', 's', 't', 'r', 'u', 'm', 'ɪ', 'n', 'ɑ'], 0.4
86, ['#', 'k', '*', 'aˑ', 'p', 'l', 'ɪ'], ['#', 'k', 'r', 'ɑ', 'p', 'lʲ', 'ɑ'], 0.27
87, ['#', 'pʲ', 'eˑ', 'n', 'ə'], ['#', 'pʲ', 'i', 'n', 'ɑ'], 0.1
88, ['#', 'ɡ', 'rʲ', 'aˑ', 'sʲ'], ['#', 'b', 'r', 'u', 'd'], 0.33
89, ['#', 'ɔˑ', 'zʲ', 'ɪ', 'r', 'ə'], ['#', 'ɔ', 'z', 'ɛ', 'r', 'ɔ'], 0.16
91, ['#', 'b', 'ɐ', 'ɫ', 'ɔˑ', 't', 'ə'], ['#', 'b', 'ɔ', 'l', 'ɔ', 't', 'ɔ'], 0.18
92, ['#', 'ɫ', 'uˑ', 'k'], ['#', 'l', 'u', 'ɦ'], 0.29
92, ['#', 'ɫ', 'uˑ', 'k', '*'], ['#', 'l', 'u', 'k', 'ɑ'], 0.31
93, ['#', 'l', 'eˑ', 's'], ['#', 'lʲ', 'i', 's'], 0.11
94, ['#', 'x', 'ɔˑ', 'ɫ', 'm'], ['#', 'ɦ', 'ɔ', 'r', 'b'], 0.23
96, ['#', 'ɡ', 'ɐ', 'r', 'aˑ'], ['#', 'ɦ', 'ɔ', 'r', 'ɑ'], 0.21
97, ['#', 'vʲ', 'ɪ', 'r', 'ʃ', 'ɨˑ', 'n', 'ə'], ['#', 'w', 'ɛ', 'r', 'ʂ', 'ɪ', 'n', 'ɑ'], 0.19
98, ['#', 'pʲ', 'ɪ', 'ʃʲː', 'eˑ', 'r', 'ə'], ['#', 'p', 'ɛ', 'ʈ͡ʂ', 'ɛ', 'r', 'ɑ'], 0.22
99, ['#', 's', 'k', 'ɫ', 'ɔˑ', 'n'], ['#', 's', 'x', '*', 'ɪ', 'l'], 0.34
102, ['#', 'rʲ', 'ɪ', '*', 'k', 'aˑ'], ['#', 'rʲ', 'i', 'ʈ͡ʂ', 'k', 'ɑ'], 0.25
103, ['#', 'bʲ', 'eˑ', 'rʲ', 'ɪ', 'k'], ['#', 'b', 'ɛ', 'r', 'ɛ', 'ɦ'], 0.25
105, ['#', 's', 'uˑ', 'ʃ', 'ə'], ['#', 's', 'u', 'ʂ', 'ɑ'], 0.1
106, ['#', 'm', 'ɔˑ', 'rʲ', 'ɪ'], ['#', 'm', 'ɔ', 'r', 'ɛ'], 0.12
107, ['#', 'b', 'uˑ', 'x', 't', 'ə'], ['#', 'b', 'u', 'x', 't', 'ɑ'], 0.07
107, ['#', 'b', 'uˑ', 'x', '*', 't', 'ə'], ['#', 'z', 'ɑ', 't', 'ɔ', 'k', 'ɑ'], 0.39
108, ['#', 'ɔˑ', 's', 't', 'r', 'ə', 'f'], ['#', 'ɔ', 's', 't', 'rʲ', 'i', 'w'], 0.2
109, ['#', 't͡s', 'vʲ', 'ɪ', 't', 'ɔˑ', 'k', '*'], ['#', 'k', 'v', 'i', 't', '*', 'k', 'ɑ'], 0.33
110, ['#', 't', 'r', 'ɐ', 'v', 'aˑ'], ['#', 't', 'r', 'ɑ', 'w', 'ɑ'], 0.18
111, ['#', 'k', 'ɔˑ', 'rʲ', 'ɪ', 'nʲ'], ['#', 'k', 'ɔ', 'rʲ', 'i', 'nʲ'], 0.06
112, ['#', 'dʲ', 'eˑ', 'rʲ', 'ɪ', 'v', 'ə'], ['#', 'd', 'ɛ', 'r', 'ɛ', 'w', 'ɔ'], 0.26
113, ['#', 's', 't', '*', '*', 'v', 'ɔˑ', 'ɫ'], ['#', 's', 't', 'ɔ', 'w', 'b', 'u', 'r'], 0.38
114, ['#', 'k', 'ɐ', 'r', 'aˑ'], ['#', 'k', 'ɔ', 'r', 'ɑ'], 0.13
117, ['#', 'l', 'iˑ', 's', 't'], ['#', 'l', 'ɪ', 's', 't'], 0.07
118, ['#', 'bʲ', 'ɪ', 'rʲ', 'o', 'z', 'ə'], ['#', 'b', 'ɛ', 'r', 'ɛ', 'z', 'ɑ'], 0.19
119, ['#', 's', 'ɐ', 's', 'n', 'aˑ'], ['#', 's', 'ɔ', 's', 'n', 'ɑ'], 0.11
120, ['#', 'j', 'ɨˑ', '*', 'v', 'ə'], ['#', 'w', 'ɛ', 'r', 'b', 'ɑ'], 0.38
122, ['#', 'r', 'ɔˑ', 'k'], ['#', 'rʲ', 'i', 'ɦ'], 0.37
123, ['#', 'pʲ', 'ɪ', 'r', 'ɔˑ'], ['#', 'p', 'ɛ', 'r', 'ɔ'], 0.12
124, ['#', 'ʃ', 'k', 'uˑ', '*', 'r', 'ə'], ['#', '*', 'x', 'u', 't', 'r', 'ɔ'], 0.39
125, ['#', 'k', 'r', 'ɨ', 'ɫ', 'ɔˑ'], ['#', 'k', 'r', 'ɪ', 'l', 'ɔ'], 0.12
126, ['#', 'k', 'ɔˑ', 'ɡ', 'ə', 'tʲ'], ['#', 'k', 'i', 'ɦ', 'ɔ', 'tʲ'], 0.23
127, ['#', 'ɫ', 'aˑ', 'p', 'ə'], ['#', 'l', 'ɑ', 'p', 'ɑ'], 0.2
128, ['#', 'x', 'v', 'ɔˑ', 's', 't'], ['#', 'x', 'v', 'i', 's', 't'], 0.11
129, ['#', 'j', 'ə', 'j', 't͡s', 'ɔˑ'], ['#', 'j', 'ɑ', 'j', 't͡s', 'ɛ'], 0.12
130, ['#', 'ɡ', 'nʲ', 'ɪ', 'z', 'd', 'ɔˑ'], ['#', 'ɦ', 'nʲ', 'i', 'z', 'd', 'ɔ'], 0.1
133, ['#', 's', 't', 'aˑ', 'd', 'ə'], ['#', 's', 't', 'ɑ', 'd', 'ɔ'], 0.11
134, ['#', 'k', 'ɐ', 'r', 'ɔˑ', 'v', 'ə'], ['#', 'k', 'ɔ', 'r', 'ɔ', 'w', 'ɑ'], 0.19
135, ['#', 'b', 'ɨˑ', 'k'], ['#', 'b', 'ɪ', 'k'], 0.08
137, ['#', '*', 'ɐ', 'v', 't͡s', 'aˑ'], ['#', 'v', 'i', 'w', 't͡sʲ', 'ɑ'], 0.4
138, ['#', 's', 'vʲ', 'i', 'nʲ', 'aˑ'], ['#', 's', 'w', 'ɪ', 'nʲ', 'ɑ'], 0.18
139, ['#', 's', 'ɐ', 'b', 'aˑ', 'k', 'ə'], ['#', 's', 'ɔ', 'b', 'ɑ', 'k', 'ɑ'], 0.13
140, ['#', 'k', 'ɔˑ', 'ʃ', 'k', 'ə'], ['#', 'k', 'i', 'ʂ', 'k', 'ɑ'], 0.17
141, ['#', 'mʲ', 'ɪ', 'd', 'vʲ', 'eˑ', 'tʲ'], ['#', 'w', 'ɛ', 'd', 'm', 'i', 'dʲ'], 0.26
142, ['#', 'bʲ', 'eˑ', 'ɫ', 'k', 'ə'], ['#', 'b', 'i', 'l', 'k', 'ɑ'], 0.18
143, ['#', 'ɫ', 'ɔˑ', 'sʲ'], ['#', 'l', 'ɔ', 'sʲ'], 0.14
144, ['#', 'l', 'i', 's', '*', '*', 'aˑ'], ['#', 'l', 'ɪ', 's', 'ɪ', 't͡sʲ', 'ɑ'], 0.36
145, ['#', 'z', 'aˑ', 'j', 'ə', 't͡s'], ['#', 'z', 'ɑ', 'j', 'ɛ', 't͡sʲ'], 0.12
146, ['#', 'm', 'ɨˑ', 'ʃ', '*'], ['#', 'm', 'ɪ', 'ʂ', 'ɑ'], 0.29
147, ['#', 'v', 'ɔˑ', 'ɫ', 'k'], ['#', 'w', 'ɔ', 'w', 'k'], 0.31
148, ['#', 'p', 'tʲ', 'iˑ', 't͡s', 'ə'], ['#', 'p', 't', 'ɑ', 'x', '*'], 0.33
149, ['#', 's', '*', 't', 'aˑ', 'j', 'ə'], ['#', 'z', 'ɦ', 'r', 'ɑ', 'j', 'ɑ'], 0.31
150, ['#', 'k', 'uˑ', 'rʲ', 'i', 't͡s', 'ə'], ['#', 'k', 'u', 'r', '*', 'k', 'ɑ'], 0.27
153, ['#', 'ɐ', 'rʲ', 'o', 'ɫ'], ['#', 'ɔ', 'r', 'ɛ', 'l'], 0.27
154, ['#', '*', 'uˑ', 't', 'k', 'ə'], ['#', 'k', 'ɑ', 'ʈ͡ʂ', 'k', 'ɑ'], 0.34
155, ['#', 's', 'ɐ', 'v', 'aˑ'], ['#', 's', 'ɔ', 'w', 'ɑ'], 0.25
156, ['#', 'ʒ', 'u', 'r', 'aˑ', '*', 'v', 'l'], ['#', 'ʐ', 'u', 'r', 'ɑ', 'w', 'ɛ', 'lʲ'], 0.33
157, ['#', 'v', 'ɐ', 'r', 'ɔˑ', 'n', 'ə'], ['#', 'w', 'ɔ', 'r', 'ɔ', 'n', 'ɑ'], 0.19
159, ['#', 'l', 'eˑ', 'bʲ', 'ɪ', 'tʲ'], ['#', 'l', 'ɛ', 'b', 'i', 'dʲ'], 0.14
160, ['#', 'r', 'ɨˑ', 'b', 'ə'], ['#', 'r', 'ɪ', 'b', 'ɑ'], 0.12
161, ['#', 'ɔˑ', 'k', 'u', 'nʲ'], ['#', 'ɔ', 'k', 'u', 'nʲ'], 0.03
162, ['#', 'ʃ', 'ʃ', 'uˑ', 'k', 'ə'], ['#', 'ʂ', 'ʈ͡ʂ', 'u', 'k', 'ɑ'], 0.12
163, ['#', 'z', 'mʲ', 'ɪ', 'j', 'aˑ'], ['#', 'z', 'm', 'i', 'j', 'ɑ'], 0.12
164, ['#', 't͡ʃʲ', 'ɪ', 'r', '*', 'vʲ', 'aˑ', 'k'], ['#', 'ʈ͡ʂ', 'ɛ', 'r', 'w', 'j', 'ɑ', 'k'], 0.32
165, ['#', 'p', 'ɐ', '*', 'uˑ', 'k'], ['#', 'p', 'ɑ', 'w', 'u', 'k'], 0.22
166, ['#', 'm', 'u', 'r', 'ɐ', 'vʲ', 'eˑ', 'j'], ['#', 'm', 'u', 'r', 'ɑ', 'ʂ', 'k', 'ɑ'], 0.35
167, ['#', 'v', 'ɔˑ', 'ʃ', '*'], ['#', 'w', 'ɔ', 'ʂ', 'ɑ'], 0.37
168, ['#', 'k', 'ɐ', 'm', 'aˑ', 'r'], ['#', 'k', 'ɔ', 'm', 'ɑ', 'r'], 0.11
169, ['#', 'm', 'uˑ', 'x', 'ə'], ['#', 'm', 'u', 'x', 'ɑ'], 0.08
170, ['#', 'b', 'aˑ', 'b', 'ə', 't͡ʃ', '*', 'k', 'ə'], ['#', 'm', 'ɛ', 't', 'ɛ', 'l', 'ɪ', 'k', '*'], 0.36
171, ['#', 'j', 'aˑ', 'ɡ', 'ə', 'd', 'ə'], ['#', 'j', 'ɑ', 'ɦ', 'ɔ', 'd', 'ɑ'], 0.19
172, ['#', 'j', 'aˑ', 'b', 'ɫ', 'ə', 'k', 'ə'], ['#', 'j', 'ɑ', 'b', 'l', 'u', 'k', 'ɔ'], 0.19
173, ['#', 'ɡ', 'rʲ', 'iˑ', 'p'], ['#', 'ɦ', 'r', 'ɪ', 'b'], 0.23
175, ['#', 'sʲ', 'eˑ', 'mʲ', '*', 'ɪ'], ['#', 'sʲ', 'i', 'm', 'j', 'ɑ'], 0.3
176, ['#', 'zʲ', 'ɪ', 'r', 'n', 'ɔˑ'], ['#', 'z', 'ɛ', 'r', 'n', 'ɔ'], 0.1
177, ['#', 'sʲ', 'eˑ', 'n', 'ə'], ['#', 'sʲ', 'i', 'n', 'ɔ'], 0.12
179, ['#', 'j', 'aˑ', 'm', 'ə'], ['#', 'j', 'ɑ', 'm', 'ɑ'], 0.12
180, ['#', 'ɫ', 'ɐ', 'v', 'uˑ', 'ʃ', 'k', 'ə'], ['#', 'p', 'ɑ', 's', '*', 't', 'k', 'ɑ'], 0.3
182, ['#', 's', 'l', 'eˑ', 't'], ['#', 's', 'lʲ', 'i', 'd'], 0.13
183, ['#', 'z', 'ɐ', 'ɫ', 'aˑ'], ['#', 'z', 'ɔ', 'l', 'ɑ'], 0.21
183, ['#', 'pʲ', 'eˑ', 'pʲ', 'ɪ', 'ɫ'], ['#', 'p', 'ɔ', 'pʲ', 'i', 'l'], 0.23
184, ['#', 'ɡ', 'rʲ', 'aˑ', 'sʲ'], ['#', 'b', 'r', 'u', 'd'], 0.33
185, ['#', 'ʒ', 'ɪ', 'l', 'eˑ', 'z', 'ə'], ['#', 'z', 'ɑ', 'lʲ', 'i', 'z', 'ɔ'], 0.17
186, ['#', 'z', 'ɔˑ', 'ɫ', 'ə', 't', 'ə'], ['#', 'z', 'ɔ', 'l', 'ɔ', 't', 'ɔ'], 0.18
187, ['#', 'sʲ', 'ɪ', 'rʲ', 'ɪ', 'b', 'r', 'ɔˑ'], ['#', 's', '*', 'rʲ', 'i', 'b', 'l', 'ɔ'], 0.22
189, ['#', 's', 'tʲ', 'ɪ', 'k', 'ɫ', 'ɔˑ'], ['#', 's', '*', '*', 'k', 'l', 'ɔ'], 0.37
190, ['#', 'ɡ', 'l', 'iˑ', 'n', 'ə'], ['#', 'ɦ', 'l', 'ɪ', 'n', 'ɑ'], 0.16
191, ['#', 'pʲ', 'ɪ', 's', 'ɔˑ', 'k'], ['#', 'pʲ', 'i', 's', 'ɔ', 'k'], 0.06
195, ['#', 'rʲ', 'ɪ', 'bʲ', 'o', 'n', 'ə', 'k'], ['#', 'd', 'ɪ', 't', 'ɪ', 'n', 'ɑ', '*'], 0.33
197, ['#', 'dʲ', 'eˑ', '*', 'v', 'ə', 't͡ʃ', 'k', 'ə'], ['#', 'dʲ', 'i', 'w', 'ʈ͡ʂ', 'ɪ', 'n', '*', 'ɑ'], 0.37
198, ['#', 'sʲ', 'ɪ', 'mʲ', '*', 'aˑ'], ['#', 'sʲ', 'i', 'm', 'j', 'ɑ'], 0.28
199, ['#', 'dʲ', 'eˑ', 'd', 'u', 'ʃ', 'k', 'ə'], ['#', 'dʲ', 'i', 'd', 'u', 'sʲ', '*', '*'], 0.32
200, ['#', 'b', 'aˑ', 'b', 'u', 'ʃ', 'k', 'ə'], ['#', 'b', 'ɑ', 'b', 'u', 'sʲ', '*', 'ɑ'], 0.24
203, ['#', 'm', 'aˑ', 'tʲ', '*'], ['#', 'm', 'ɑ', 't', 'ɪ'], 0.31
204, ['#', 's', 'ɨˑ', 'n'], ['#', 's', 'ɪ', 'n'], 0.08
206, ['#', 'b', 'r', 'aˑ', 't'], ['#', 'b', 'r', 'ɑ', 't'], 0.07
207, ['#', 'sʲ', 'ɪ', 's', 't', 'r', 'aˑ'], ['#', 's', 'ɛ', 's', 't', 'r', 'ɑ'], 0.11
208, ['#', 'dʲ', 'aˑ', 'dʲ', '*', 'ɪ'], ['#', 'dʲ', 'ɑ', 'dʲ', 'k', 'ɔ'], 0.31
209, ['#', 'tʲ', 'o', 'tʲ', '*', 'ɪ'], ['#', 'tʲ', 'i', 't', 'k', 'ɑ'], 0.33
211, ['#', 'ʒ', '*', 'ɪ', 'n', '*', 'aˑ'], ['#', 'ʐ', 'j', 'i', 'n', 'k', 'ɑ'], 0.37
213, ['#', 's', 'mʲ', 'eˑ', 'x'], ['#', 's', 'm', 'i', 'x'], 0.09
214, ['#', 's', 't͡ʃ', 'aˑ', 's', 'tʲ', 'ɪ'], ['#', 'ʂ', 'ʈ͡ʂ', 'ɑ', 's', 'tʲ', 'ɑ'], 0.15
215, ['#', 'ɡ', 'ɔˑ', 'rʲ', 'ɪ'], ['#', 'ɦ', 'ɔ', 'r', 'ɛ'], 0.2
218, ['#', 'd', 'uˑ', 'x'], ['#', 'd', 'u', 'x'], 0.04
220, ['#', 'p', 'aˑ', 'mʲ', '*', 'ɪ', 'tʲ'], ['#', 'p', 'ɑ', 'm', 'j', 'ɑ', 'tʲ'], 0.27
222, ['#', 's', 'm', 'ɨˑ', 's', 'ɫ'], ['#', 'z', 'm', 'i', 's', 't'], 0.11
224, ['#', 'p', 'r', 'aˑ', 'v', 'd', 'ə'], ['#', 'p', 'r', 'ɑ', 'w', 'd', 'ɑ'], 0.17
226, ['#', 's', 'k', 'aˑ', 'z', 'k', 'ə'], ['#', '*', 'b', 'ɑ', 'j', 'k', 'ɑ'], 0.34
229, ['#', 'n', 'ɔˑ', 'v', 'ə', 's', 'tʲ'], ['#', 'n', 'ɔ', 'w', 'ɪ', 'n', 'ɑ'], 0.33
230, ['#', 'j', 'ɨˑ', 'mʲ', '*', 'ɪ'], ['#', 'j', 'i', 'm', 'j', 'ɑ'], 0.3
231, ['#', 'z', 'ɐ', 'ɡ', 'aˑ', 'd', 'k', 'ə'], ['#', 'z', 'ɑ', 'ɦ', 'ɑ', 'd', 'k', 'ɑ'], 0.14
234, ['#', 'ɡ', 'ɔˑ', 'ɫ', 'ə', 's'], ['#', 'ɦ', 'ɔ', 'l', 'ɔ', 's'], 0.22
235, ['#', 's', 'ɫ', 'ɔˑ', 'v', 'ə'], ['#', 's', 'l', 'ɔ', 'w', 'ɔ'], 0.25
236, ['#', 'z', 'n', 'aˑ', 'k'], ['#', 'z', 'n', 'ɑ', 'k'], 0.07
238, ['#', 'ʃ', 'uˑ', 'm'], ['#', 'ʂ', 'u', 'm'], 0.07
239, ['#', 'z', 'v', 'uˑ', 'k'], ['#', 'z', 'w', 'u', 'k'], 0.15
241, ['#', 'pʲ', 'eˑ', 's', 'nʲ', 'ɪ'], ['#', 'pʲ', 'i', 's', 'nʲ', 'ɑ'], 0.1
242, ['#', '*', 'p', 'ɐ', 'k', 'ɔˑ', 'j'], ['#', 's', 'p', 'ɔ', 'k', 'i', 'j'], 0.29
243, ['#', 'l', 'uˑ', 'dʲ', 'i'], ['#', 'lʲ', 'u', 'd', 'ɪ'], 0.15
244, ['#', 'n', 'ɐ', 'r', 'ɔˑ', 't'], ['#', 'n', 'ɑ', 'r', 'ɔ', 'd'], 0.09
245, ['#', 'r', 'ɐ', 'b', 'ɔˑ', 't', 'ə'], ['#', 'r', 'ɔ', 'b', 'ɔ', 't', 'ɑ'], 0.11
246, ['#', '*', 'ɡ', 'ə', 's', 'tʲ'], ['#', 'ɦ', 'j', 'i', 's', 'tʲ'], 0.26
247, ['#', 'p', 'ɐ', 'd', 'aˑ', 'r', '*', '*', 'ə', 'k'], ['#', 'p', 'ɔ', 'd', 'ɑ', 'r', 'u', 'n', 'ɔ', 'k'], 0.3
251, ['#', 'd', 'r', 'uˑ', 'k'], ['#', 'd', 'r', 'u', 'ɦ'], 0.15
252, ['#', 'p', 'rʲ', 'i', 'j', 'aˑ', 'tʲ', 'ɪ', 'l'], ['#', 't', '*', 'ɔ', 'w', 'ɑ', 'r', 'ɪ', 'ʂ'], 0.39
255, ['#', 'vʲ', 'iˑ', 't'], ['#', 'rʲ', 'i', 'd'], 0.17
256, ['#', 'k', 'u', 's', 'ɔˑ', 'k'], ['#', 'k', 'u', 's', 'ɔ', 'k'], 0.03
258, ['#', 'p', 'ə', 'ɫ', 'ɐ', 'vʲ', 'iˑ', 'n', 'ə'], ['#', 'p', 'ɔ', 'l', 'ɔ', 'w', 'ɪ', 'n', 'ɑ'], 0.25
259, ['#', 'k', 'r', 'uˑ', 'k'], ['#', 'k', 'r', 'u', 'ɦ'], 0.15
260, ['#', 'k', 'rʲ', 'eˑ', 's', 't'], ['#', 'x', 'r', 'ɛ', 's', 't'], 0.11
261, ['#', 'l', 'iˑ', 'nʲ', 'i', 'j', 'ə'], ['#', 'lʲ', 'i', 'nʲ', 'i', 'j', 'ɑ'], 0.09
263, ['#', 'p', 'r', 'ə', 'mʲ', 'ɪ', 'ʒ', 'uˑ', 't', 'ə', 'k'], ['#', 'p', 'r', 'ɔ', 'm', 'i', 'ʐ', '*', '*', 'ɔ', 'k'], 0.28
265, ['#', 'mʲ', 'eˑ', 's', 't', 'n', 'ə', 's', 'tʲ'], ['#', 'm', 'i', 't͡sː', 'ɛ', 'v', 'i', 's', 'tʲ'], 0.26
267, ['#', 'mʲ', 'eˑ', 's', 't', 'ə'], ['#', 'm', 'i', '*', 't͡sː', 'ɛ'], 0.32
268, ['#', 's', 't', 'ə', 'r', 'ɐ', 'n', 'aˑ'], ['#', 's', 't', 'ɔ', 'r', 'ɔ', 'n', 'ɑ'], 0.12
269, ['#', 'sʲ', 'ɪ', 'rʲ', 'ɪ', 'dʲ', 'iˑ', 'n', 'ə'], ['#', 's', 'ɛ', 'r', 'ɛ', 'd', 'ɪ', 'n', 'ɑ'], 0.19
270, ['#', 'p', 'rʲ', 'ɪ', 'd', 'mʲ', 'eˑ', 't'], ['#', 'p', 'r', 'ɛ', 'd', 'm', 'ɛ', 't'], 0.11
271, ['#', 'vʲ', 'eˑ', 'ʃʲː'], ['#', 'rʲ', 'i', 'ʈ͡ʂ'], 0.29
272, ['#', 'k', 'r', 'ə', 'j'], ['#', 'k', 'r', 'ɑ', 'j'], 0.05
273, ['#', 'rʲ', 'ɪ', 'b', 'r', 'ɔˑ'], ['#', 'r', 'ɛ', 'b', 'r', 'ɔ'], 0.1
275, ['#', 'k', 'ɔˑ', 'n', 't͡ʃʲ', 'i', 'k'], ['#', 'k', 'i', 'n', 'ʈ͡ʂ', 'ɪ', 'k'], 0.18
276, ['#', 'k', 'ɐ', 'nʲ', 'eˑ', 't͡s'], ['#', 'k', 'i', 'n', 'ɛ', 't͡sʲ'], 0.15
277, ['#', 'd', 'ɨ', 'r', 'aˑ'], ['#', 'dʲ', 'i', 'r', 'ɑ'], 0.12
278, ['#', '*', 'uˑ', 'ɡ', 'ə', 'ɫ'], ['#', 'k', 'u', 't', 'ɔ', 'k'], 0.38
279, ['#', 'u', 'z', 'ɔˑ', 'r'], ['#', 'u', 'z', 'ɔ', 'r'], 0.03
280, ['#', 'r', 'ɐ', 'z', 'mʲ', 'eˑ', 'r'], ['#', 'r', 'ɔ', 'z', 'm', 'i', 'r'], 0.11
281, ['#', 'd', '*', '*', 'l', 'i', 'n', 'aˑ'], ['#', 'd', 'ɔ', 'w', 'ʐ', 'ɪ', 'n', 'ɑ'], 0.36
282, ['#', 'v', 'ɨ', 's', 'ɐ', 't', 'aˑ'], ['#', 'w', 'ɪ', 's', 'ɔ', 't', 'ɑ'], 0.2
284, ['#', 'k', 'ɐ', 'l', 'iˑ', 't͡ʃʲ', 'ɪ', 's', 't', 'v', 'ə'], ['#', 'k', 'i', 'lʲ', '*', 'k', 'i', 's', 'tʲ', '*', '*'], 0.39
285, ['#', 'k', 'uˑ', 't͡ʃ', 'ə'], ['#', 'k', 'u', 'p', 'ɑ'], 0.14
286, ['#', 'rʲ', 'aˑ', 't'], ['#', 'rʲ', 'ɑ', 'd'], 0.13
288, ['#', 'vʲ', 'ɪ', 's', 'ɫ', 'ɔˑ'], ['#', 'w', 'ɛ', 's', 'l', 'ɔ'], 0.24
289, ['#', 's', 'aˑ', 'nʲ', 'i'], ['#', 's', 'ɑ', 'n', 'ɪ'], 0.14
290, ['#', 'ɫ', 'ɨˑ', 'ʒ', 'ə'], ['#', 'l', 'ɪ', 'ʐ', 'ɑ'], 0.22
292, ['#', 'tʲ', 'aˑ', 'ʒ', 'ə', 's', 'tʲ'], ['#', 'tʲ', 'ɑ', 'ɦ', 'ɑ', 'r', '*'], 0.31
293, ['#', 'x', 'ɔˑ', 't'], ['#', 'x', 'i', 'd'], 0.22
294, ['#', 'ʃ', '*', 'aˑ', 'k'], ['#', 'k', 'r', 'ɔ', 'k'], 0.4
295, ['#', 'sʲ', 'eˑ', '*', 'vʲ', 'ɪ', 'r'], ['#', 'pʲ', 'i', 'w', 'nʲ', 'i', 'ʈ͡ʂ'], 0.36
297, ['#', 'z', 'aˑ', 'p', 'ə', 't'], ['#', 'z', 'ɑ', 'x', 'i', 'd'], 0.2
300, ['#', 'd', 'ɐ', 's', 'k', 'aˑ'], ['#', 'd', 'ɔ', 'ʂ', 'k', 'ɑ'], 0.14
301, ['#', 'p', 'l', 'i', 't', 'aˑ'], ['#', 'p', 'l', 'ɪ', 't', 'ɑ'], 0.08
302, ['#', 'p', 'ɐ', 'd', 'p', 'ɔˑ', 'r', 'k', 'ə'], ['#', 'pʲ', 'i', 'd', 'pʲ', 'i', 'r', 'k', 'ɑ'], 0.17
304, ['#', 'p', 'aˑ', 'ɫ', '*', 'k', 'ə'], ['#', 'p', 'ɑ', 'l', 'ɪ', 't͡sʲ', 'ɑ'], 0.35
306, ['#', 't', 'r', 'u', 'b', 'aˑ'], ['#', 't', 'r', 'u', 'b', 'ɑ'], 0.06
307, ['#', 'd', 'ɔˑ', 'm'], ['#', 'dʲ', 'i', 'm'], 0.22
309, ['#', 'pʲ', 'eˑ', 't͡ʃʲ'], ['#', 'pʲ', 'i', 'ʈ͡ʂ'], 0.16
311, ['#', 's', 't', 'ɔˑ', 'ɫ'], ['#', 's', 'tʲ', 'i', 'l'], 0.25
314, ['#', 'p', 'ɐ', 's', 'tʲ', 'eˑ', 'l'], ['#', 'p', 'ɔ', 's', 'tʲ', 'i', 'lʲ'], 0.11
315, ['#', 'p', 'ɔˑ', 'ɫ', '*', 'k', 'ə'], ['#', 'p', 'ɔ', 'l', 'ɪ', 't͡sʲ', 'ɑ'], 0.33
316, ['#', 'j', 'aˑ', '*', 'ʃʲː', 'i', 'k'], ['#', 'j', 'ɑ', 'ʂ', 'ʈ͡ʂ', 'ɪ', 'k'], 0.3
317, ['#', '*', 'ɐ', 'k', 'n', 'ɔˑ'], ['#', 'v', 'i', 'k', 'n', 'ɔ'], 0.24
318, ['#', 'd', 'vʲ', 'eˑ', 'rʲ', '*'], ['#', 'd', 'w', 'ɛ', 'rʲ', 'i'], 0.31
319, ['#', 'v', 'ɐ', 'r', 'ɔˑ', 't', 'ə'], ['#', 'w', 'ɔ', 'r', 'ɔ', 't', 'ɑ'], 0.19
320, ['#', 'z', 'ɐ', '*', 'b', 'ɔˑ', 'r'], ['#', 'p', 'ɑ', 'r', 'k', 'ɑ', 'n'], 0.4
323, ['#', 'mʲ', 'ɪ', 't', 'ɫ', 'aˑ'], ['#', 'm', 'i', 't', 'l', 'ɑ'], 0.18
325, ['#', 's', 'ɐ', 'v', 'ɔˑ', 'k'], ['#', 's', 'ɔ', 'w', 'ɔ', 'k'], 0.18
327, ['#', 'ɫ', 'ɔˑ', 'ʒ', 'k', 'ə'], ['#', 'l', 'ɔ', 'ʐ', 'k', 'ɑ'], 0.15
328, ['#', 'n', 'ɔˑ', 'ʃ'], ['#', 'nʲ', 'i', 'ʐ'], 0.29
329, ['#', 'ɡ', 'v', 'ə', 'z', 'tʲ'], ['#', 't͡s', 'v', 'ɑ', 'x', '*'], 0.36
330, ['#', 'sʲ', 'eˑ', 'tʲ'], ['#', 'sʲ', 'i', 'tʲ'], 0.06
331, ['#', 'k', 'rʲ', 'uˑ', 'k'], ['#', 'k', 'rʲ', 'u', 'k'], 0.03
332, ['#', 'r', 'uˑ', 't͡ʃ', 'k', 'ə'], ['#', 'r', 'u', 'ʈ͡ʂ', 'k', 'ɑ'], 0.1
333, ['#', 'z', 'ɐ', 'm', 'ɔˑ', 'k'], ['#', 'z', 'ɑ', 'm', 'ɔ', 'k'], 0.06
334, ['#', 'k', 'ɐ', 'r', 'tʲ', 'iˑ', 'n', 'ə'], ['#', 'k', 'ɑ', 'r', 't', 'ɪ', 'n', 'ɑ'], 0.12
335, ['#', 'fʲ', 'i', 'ɡ', 'uˑ', 'r', 'ə'], ['#', 'f', 'i', 'ɦ', 'u', 'r', 'ɑ'], 0.15
337, ['#', 'mʲ', 'ɪ', 'ʃ', '*', '*', 'ɔˑ', 'k'], ['#', 'm', 'i', 'ʂ', 'ɛ', 'ʈ͡ʂ', 'ɔ', 'k'], 0.33
338, ['#', 's', 'vʲ', 'aˑ', 'z', 'k', 'ə'], ['#', 'w', 'j', 'ɑ', 'z', 'k', 'ɑ'], 0.28
339, ['#', 's', 'uˑ', 'm', 'k', 'ə'], ['#', 's', 'u', 'm', 'k', 'ɑ'], 0.07
340, ['#', 'vʲ', 'ɪ', 'd', 'r', 'ɔˑ'], ['#', 'v', 'i', 'd', 'r', 'ɔ'], 0.09
341, ['#', 'k', 'r', 'ɨˑ', 'ʃ', 'k', 'ə'], ['#', 'k', 'r', 'ɪ', 'ʂ', 'k', 'ɑ'], 0.1
342, ['#', 'p', 'ɐ', 's', 'uˑ', 'd', 'ə'], ['#', 'p', 'ɔ', 's', 'u', 'd', '*'], 0.21
343, ['#', 'mʲ', 'ɪ', 'ʃ', 'ɔˑ', 'k'], ['#', 'm', 'i', 'ʂ', 'ɔ', 'k'], 0.11
344, ['#', 't͡ʃ', 'aˑ', 'ʃ', 'k', 'ə'], ['#', 'ʈ͡ʂ', 'ɑ', 'ʂ', 'k', 'ɑ'], 0.15
346, ['#', 'k', 'ɐ', 'tʲ', 'o', 'ɫ'], ['#', 'k', 'ɔ', 't', 'ɛ', 'l'], 0.23
347, ['#', 'j', 'ɪ', 'd', 'aˑ'], ['#', 'j', 'i', 'ʐ', 'ɑ'], 0.18
350, ['#', 'mʲ', '*', 'aˑ', 's', 'ə'], ['#', 'm', 'j', 'ɑ', 's', 'ɔ'], 0.31
351, ['#', 'x', 'l', 'eˑ', 'p'], ['#', 'x', 'lʲ', 'i', 'b'], 0.13
352, ['#', 'k', 'aˑ', 'ʃ', 'ə'], ['#', 'k', 'ɑ', 'ʂ', 'ɑ'], 0.14
353, ['#', 'x', 'l', 'eˑ', 'p'], ['#', 'x', 'lʲ', 'i', 'b'], 0.13
355, ['#', 'ʒ', 'ɨˑ', 'r'], ['#', 'ʐ', 'ɪ', 'r'], 0.11
356, ['#', 'm', 'aˑ', 's', 'ɫ', 'ə'], ['#', 'm', 'ɑ', 's', 'l', 'ɔ'], 0.18
358, ['#', 's', 'ɔˑ', 'l'], ['#', 'sʲ', 'i', 'lʲ'], 0.27
359, ['#', 's', 'uˑ', 'p'], ['#', 's', 'u', 'p'], 0.04
360, ['#', 'mʲ', 'o', 't'], ['#', 'm', 'ɛ', 'd'], 0.2
361, ['#', 'm', 'ə', 'ɫ', 'ɐ', 'k', 'ɔˑ'], ['#', 'm', 'ɔ', 'l', 'ɔ', 'k', 'ɔ'], 0.18
362, ['#', 't͡ʃ', 'ə', 'j'], ['#', 'ʈ͡ʂ', 'ɑ', 'j'], 0.11
363, ['#', '*', 'k', 'ɔˑ', 'ʒ', 'ə'], ['#', 'ʂ', 'k', 'i', 'r', 'ɑ'], 0.37
364, ['#', 'ʃ', 'ə', 'r', 's', 'tʲ'], ['#', 'ʂ', 'ɛ', 'r', 's', 'tʲ'], 0.04
366, ['#', 'j', 'ɨ', 'ɡ', 'ɫ', 'aˑ'], ['#', 'ɦ', 'ɔ', 'l', 'k', 'ɑ'], 0.33
367, ['#', 'nʲ', 'iˑ', 't', 'k', 'ə'], ['#', 'n', 'ɪ', 't', 'k', 'ɑ'], 0.13
369, ['#', '*', 'uˑ', 'zʲ', 'ɪ', 'ɫ'], ['#', 'w', 'u', 'z', 'ɔ', 'l'], 0.38
370, ['#', 'k', 'r', 'aˑ', 's', 'k', 'ə'], ['#', 'f', '*', 'ɑ', 'r', 'b', 'ɑ'], 0.4
372, ['#', 'r', 'u', 'b', 'aˑ', 'ʃ', 'k', 'ə'], ['#', 's', 'ɔ', 'r', 'ɔ', 'ʈ͡ʂ', 'k', 'ɑ'], 0.25
374, ['#', 'r', 'u', 'k', 'aˑ', 'f'], ['#', 'r', 'u', 'k', 'ɑ', 'w'], 0.19
375, ['#', 'b', 'rʲ', 'uˑ', 'k', 'i'], ['#', 'b', 'rʲ', 'u', 'k', 'ɪ'], 0.06
376, ['#', 'p', 'ɔˑ', 'j', 'ə', 's'], ['#', 'p', 'ɔ', 'j', 'ɑ', 's'], 0.07
377, ['#', 'ʃ', 'aˑ', 'p', 'k', 'ə'], ['#', 'ʂ', 'ɑ', 'p', 'k', 'ɑ'], 0.11
378, ['#', 'b', 'ɐ', 'tʲ', 'iˑ', 'n', 'ə', 'k'], ['#', 'b', 'ɔ', 't', 'ɪ', 'n', 'ɔ', 'k'], 0.15
379, ['#', 's', 'ɐ', 'p', 'ɔˑ', 'k'], ['#', 'ʈ͡ʂ', 'ɔ', 'b', 'i', 't'], 0.28
380, ['#', 'k', 'ɐ', 'l', 't͡s', 'ɔˑ'], ['#', 'k', 'i', 'lʲ', 't͡s', 'ɛ'], 0.16
383, ['#', 'zʲ', 'eˑ', 'r', 'k', 'ə', 'ɫ', 'ə'], ['#', 'd͡z', 'ɛ', 'r', 'k', 'ɑ', 'l', 'ɔ'], 0.19
384, ['#', 'rʲ', 'ɪ', 'mʲ', 'eˑ', 'nʲ'], ['#', 'r', 'ɛ', 'm', 'i', 'nʲ'], 0.15
385, ['#', 'vʲ', 'ɪ', 'rʲ', 'o', 'v', 'k', 'ə'], ['#', 'v', 'i', 'rʲ', 'ɔ', 'w', 'k', 'ɑ'], 0.16
388, ['#', 'p', 'ɐ', 'd', 'uˑ', 'ʃ', 'k', 'ə'], ['#', 'p', 'ɔ', 'd', 'u', 'ʂ', 'k', 'ɑ'], 0.11
391, ['#', 'sʲ', 'iˑ', 'ɫ', 'ə'], ['#', 's', 'ɪ', 'l', 'ɑ'], 0.24
393, ['#', 'z', 'd', 'ɐ', 'r', 'ɔˑ', '*', 'vʲ', 'ɪ'], ['#', 'z', 'd', 'ɔ', 'r', 'ɔ', 'w', 'j', 'ɑ'], 0.27
395, ['#', 'b', 'ɔˑ', 'l'], ['#', 'b', 'i', 'lʲ'], 0.22
396, ['#', 'r', 'aˑ', 'n', 'ə'], ['#', 'r', 'ɑ', 'n', 'ɑ'], 0.12
397, ['#', 'l', 'i', 'x', 'ɐ', 'r', 'aˑ', 'd', 'k', 'ə'], ['#', '*', '*', 'ɦ', 'ɑ', 'rʲ', 'ɑ', 'ʈ͡ʂ', 'k', 'ɑ'], 0.39
399, ['#', 'm', 'ɔˑ', 's', 't'], ['#', 'm', 'i', 's', 't'], 0.13
400, ['#', 'k', 'ɐ', 'ɫ', 'ɔˑ', 'dʲ', 'ɪ', 't͡s'], ['#', 'k', 'ɔ', 'l', 'ɔ', 'dʲ', 'ɑ', 'zʲ'], 0.22
401, ['#', 'p', 'aˑ', 's', 't', 'bʲ', 'i', '*', 'ʃʲː', 'ɪ'], ['#', 'p', 'ɑ', 's', 'ɔ', 'w', 'ɪ', 'ʂ', 'ʈ͡ʂ', 'ɛ'], 0.39
402, ['#', 't', 'r', 'ɐ', '*', 'p', 'aˑ'], ['#', 's', 't', 'ɛ', 'ʐ', 'k', 'ɑ'], 0.33
403, ['#', 'd', 'ɐ', 'r', 'ɔˑ', 'ɡ', 'ə'], ['#', 'd', 'ɔ', 'r', 'ɔ', 'ɦ', 'ɑ'], 0.16
404, ['#', '*', 'uˑ', 'l', 'i', 't͡s', 'ə'], ['#', 'w', 'u', 'l', 'ɪ', 't͡sʲ', 'ɑ'], 0.25
408, ['#', 'k', 'nʲ', 'iˑ', 'ɡ', 'ə'], ['#', 'k', 'n', 'ɪ', 'ɦ', 'ɑ'], 0.2
408, ['#', 'k', 'nʲ', 'iˑ', '*', 'ɡ', 'ə'], ['#', 'k', 'n', 'ɪ', 'ʐ', 'k', 'ɑ'], 0.28
409, ['#', 'b', 'uˑ', 'k', 'v', 'ə'], ['#', 'b', 'u', 'k', 'w', 'ɑ'], 0.17
410, ['#', 'ɡ', 'ɐ', 'zʲ', 'eˑ', 't', 'ə'], ['#', 'ɦ', 'ɑ', 'z', 'ɛ', 't', 'ɑ'], 0.18
412, ['#', 's', 'mʲ', 'ɪ', 'r', 'tʲ'], ['#', 's', 'm', 'ɛ', 'r', 'tʲ'], 0.07
413, ['#', 'm', 'ɐ', 'ɡ', 'iˑ', 'ɫ', 'ə'], ['#', 'm', 'ɔ', 'ɦ', 'ɪ', 'l', 'ɑ'], 0.25
414, ['#', 't͡s', 'ɛˑ', 'r', 'k', '*', 'ə', 'fʲ'], ['#', 't͡s', 'ɛ', 'r', 'k', 'w', 'ɑ', '*'], 0.3
415, ['#', 'ɡ', 'rʲ', 'eˑ', 'x'], ['#', 'ɦ', 'rʲ', 'i', 'x'], 0.13
416, ['#', 'b', 'ɔˑ', 'x'], ['#', 'b', 'ɔ', 'ɦ'], 0.14
417, ['#', 'r', 'ɐ', 'b', 'ɔˑ', 't͡ʃʲ', '*', 'i', 'j'], ['#', 'r', 'ɔ', 'b', 'i', 't', 'n', 'ɪ', 'k'], 0.33
421, ['#', 'u', 't͡ʃʲ', 'iˑ', 'tʲ', 'ɪ', 'l'], ['#', 'w', 'ʈ͡ʂ', 'ɪ', 't', 'ɛ', 'lʲ'], 0.34
423, ['#', 'z', 'ɐ', 'nʲ', 'aˑ', 'tʲ', 'i', 'j', 'ə'], ['#', 'z', 'ɑ', 'nʲ', 'ɑ', 'tʲː', '*', '*', 'ɑ'], 0.33
424, ['#', 'm', 'ə', 'ɡ', 'ɐ', 'zʲ', 'iˑ', 'n'], ['#', 'm', 'ɑ', 'ɦ', 'ɑ', 'z', 'ɪ', 'n'], 0.17
425, ['#', 't͡s', 'ɪ', 'n', 'aˑ'], ['#', 't͡sʲ', 'i', 'n', 'ɑ'], 0.14
426, ['#', 't', 'ɐ', 'v', 'aˑ', 'r'], ['#', 't', 'ɔ', 'w', 'ɑ', 'r'], 0.21
427, ['#', 'v', 'ɨˑ', 'ɡ', 'ə', 'd', 'ə'], ['#', 'w', 'ɪ', 'ɦ', 'ɔ', 'd', 'ɑ'], 0.27
428, ['#', 'b', 'ɐ', 'ɡ', 'aˑ', 't', 's', 't', 'v', 'ə'], ['#', 'b', 'ɑ', 'ɦ', 'ɑ', 't', 's', 't', 'w', 'ɔ'], 0.18
430, ['#', 's', 't', '*', 'r', 'ɐ', 'n', 'aˑ'], ['#', 'k', 'r', 'ɑ', 'j', 'i', 'n', 'ɑ'], 0.35
432, ['#', 'k', 'ɐ', 'r', 'ɔˑ', 'l'], ['#', 'k', 'ɔ', 'r', 'ɔ', 'lʲ'], 0.12
435, ['#', 'v', 'ə', 'j', 'n', 'aˑ'], ['#', 'v', 'i', 'j', 'n', 'ɑ'], 0.1
437, ['#', 'n', 'ɐ', 'sʲ', 'iˑ', 'l', '*', 'i', 'j', 'ə'], ['#', 'n', 'ɑ', 's', 'ɪ', 'lʲ', 's', 't', 'w', 'ɔ'], 0.35
438, ['#', 'b', '*', '*', 'ɐ', 'rʲ', 'b', 'aˑ'], ['#', 'b', 'ɔ', 'r', 'ɔ', 'dʲ', 'b', 'ɑ'], 0.36
439, ['#', 'ɫ', 'uˑ', 'k'], ['#', 'l', 'u', 'k'], 0.14
440, ['#', 's', 't', 'rʲ', 'ɪ', 'ɫ', 'aˑ'], ['#', 's', 't', 'rʲ', 'i', 'l', 'ɑ'], 0.13
442, ['#', '*', 'ɐ', 'ʃ', 'ɨˑ', 'b', 'k', 'ə'], ['#', 'p', 'ɔ', 'm', 'ɪ', 'l', 'k', 'ɑ'], 0.36
450, ['#', 'dʲ', 'eˑ', 'nʲ'], ['#', 'd', 'ɛ', 'nʲ'], 0.11
452, ['#', 'p', 'ɔˑ', 'ɫ', 'dʲ', 'ɪ', 'nʲ'], ['#', 'pʲ', 'i', 'w', 'd', 'ɛ', 'nʲ'], 0.3
453, ['#', 'vʲ', 'eˑ', 't͡ʃʲ', '*', 'ɪ', 'r'], ['#', 'w', 'ɛ', 'ʈ͡ʂ', 'j', 'i', 'r'], 0.35
454, ['#', 'n', 'ɔˑ', 't͡ʃʲ'], ['#', 'nʲ', 'i', 'ʈ͡ʂ'], 0.32
456, ['#', 'mʲ', 'eˑ', 'sʲ', 'ɪ', 't͡s'], ['#', 'm', 'i', 'sʲ', 'ɑ', 't͡sʲ'], 0.16
457, ['#', 'ɡ', 'ɔˑ', 't'], ['#', 'rʲ', 'i', 'k'], 0.37
458, ['#', 'vʲ', 'ɪ', 's', 'n', 'aˑ'], ['#', 'w', 'ɛ', 's', 'n', 'ɑ'], 0.2
459, ['#', 'l', 'eˑ', 't', 'ə'], ['#', 'lʲ', 'i', 't', 'ɔ'], 0.16
460, ['#', 'ɔˑ', 'sʲ', 'ɪ', 'nʲ'], ['#', 'ɔ', 'sʲ', 'i', 'nʲ'], 0.07
461, ['#', 'zʲ', 'i', 'm', 'aˑ'], ['#', 'z', 'ɪ', 'm', 'ɑ'], 0.14
467, ['#', 'j', 'ɨ', '*', 'j', 'uˑ', 'nʲ'], ['#', 'ʈ͡ʂ', 'ɛ', 'r', 'w', 'ɛ', 'nʲ'], 0.36
468, ['#', 'j', 'ɨ', 'j', 'uˑ', 'l'], ['#', 'l', 'ɪ', 'p', 'ɛ', 'nʲ'], 0.37
474, ['#', 'p', 'ə', 'nʲ', 'ɪ', 'dʲ', 'eˑ', 'l', 'nʲ', 'i', 'k'], ['#', 'p', 'ɔ', 'n', 'ɛ', 'dʲ', 'i', 'l', '*', 'ɔ', 'k'], 0.23
475, ['#', 'v', '*', '*', 't', 'ɔˑ', 'r', 'nʲ', 'i', 'k'], ['#', 'v', 'i', 'w', 't', 'ɔ', 'r', '*', 'ɔ', 'k'], 0.37
476, ['#', 's', '*', 'rʲ', 'ɪ', 'd', 'aˑ'], ['#', 's', 'ɛ', 'r', 'ɛ', 'd', 'ɑ'], 0.25
477, ['#', 't͡ʃʲ', 'ɪ', 't', 'vʲ', 'eˑ', 'r', 'k'], ['#', 'ʈ͡ʂ', 'ɛ', 't', 'w', 'ɛ', 'r', '*'], 0.31
478, ['#', 'pʲ', '*', 'aˑ', 't', 'nʲ', 'i', 't͡s', 'ə'], ['#', 'p', 'j', 'ɑ', 't', 'n', 'ɪ', 't͡sʲ', 'ɑ'], 0.26
479, ['#', 's', 'u', 'b', 'b', 'ɔˑ', 't', 'ə'], ['#', 's', 'u', '*', 'b', 'ɔ', 't', 'ɑ'], 0.18
481, ['#', 'b', 'ɐ', 'l', '*', 'ʃ', 'ɔˑ', 'j'], ['#', 'w', 'ɛ', 'l', 'ɪ', 'k', 'ɪ', 'j'], 0.35
482, ['#', 'm', 'aˑ', 'l', 'ɪ', 'nʲ', 'k', 'i', 'j'], ['#', 'm', 'ɑ', 'l', 'ɪ', '*', '*', '*', 'j'], 0.37
482, ['#', 'm', 'aˑ', 'l', 'ɪ', 'nʲ', 'k', 'i', 'j'], ['#', 'm', 'ɑ', 'l', 'ɛ', 'nʲ', 'k', 'ɪ', 'j'], 0.08
483, ['#', 'd', 'l', 'iˑ', 'n', 'n', 'ɨ', 'j'], ['#', 'd', '*', 'ɔ', 'w', 'ɦ', 'ɪ', 'j'], 0.35
484, ['#', 'k', 'ɐ', 'r', 'ɔˑ', 't', 'k', 'i', 'j'], ['#', 'k', 'ɔ', 'r', 'ɔ', 't', 'k', 'ɪ', 'j'], 0.07
485, ['#', 'ʃ', 'ɨ', 'r', 'ɔˑ', 'k', 'i', 'j'], ['#', 'ʂ', 'ɪ', 'r', 'ɔ', 'k', 'ɪ', 'j'], 0.07
486, ['#', '*', 'uˑ', 'z', 'k', 'i', 'j'], ['#', 'w', 'u', 'zʲ', 'k', 'ɪ', 'j'], 0.22
487, ['#', 'ɡ', 'u', 's', 't', 'ɔˑ', 'j'], ['#', 'ɦ', 'u', 's', 't', 'ɪ', 'j'], 0.15
488, ['#', 't', 'ɔˑ', 'ɫ', 's', 't', 'ɨ', 'j'], ['#', 't', 'ɔ', 'w', 's', 't', 'ɪ', 'j'], 0.14
489, ['#', 't', 'ɔˑ', 'n', 'k', 'i', 'j'], ['#', 't', 'ɔ', 'n', 'k', 'ɪ', 'j'], 0.05
491, ['#', 'k', 'rʲ', 'eˑ', 'p', 'k', 'i', 'j'], ['#', '*', 'm', 'i', 't͡s', 'n', 'ɪ', 'j'], 0.36
492, ['#', 'p', 'ɫ', 'ɔˑ', 's', 'k', 'i', 'j'], ['#', 'p', 'l', 'ɔ', 's', 'k', 'ɪ', 'j'], 0.09
493, ['#', 'ɡ', 'ɫ', 'aˑ', 'd', '*', '*', 'k', 'i', 'j'], ['#', 'ɦ', 'l', 'ɑ', 'd', 'ɛ', 'nʲ', 'k', 'ɪ', 'j'], 0.33
494, ['#', 't', 'vʲ', 'o', 'r', 'd', 'ɨ', 'j'], ['#', 't', 'w', 'ɛ', 'r', 'd', 'ɪ', 'j'], 0.15
495, ['#', 'mʲ', 'aˑ', 'ɡ', '*', 'k', 'i', 'j'], ['#', 'm', '*', 'j', 'ɑ', 'k', 'ɪ', 'j'], 0.33
496, ['#', 'k', 'r', 'uˑ', 'ɡ', 'ɫ', 'ɨ', 'j'], ['#', 'k', 'r', 'u', 'ɦ', 'l', 'ɪ', 'j'], 0.14
497, ['#', '*', 'ɐ', 's', 't', 'r', 'ə', 'k', 'ɐ', 'nʲ', 'eˑ', 't͡ʃ', '*', 'n', 'ɨ', 'j'], ['#', 'ɦ', 'ɔ', 's', 't', 'r', 'ɔ', 'k', 'i', 'n', '*', 't͡s', 'ɛ', 'w', 'ɪ', 'j'], 0.31
498, ['#', '*', 'ɔˑ', 's', 't', 'r', 'ɨ', 'j'], ['#', 'ɦ', 'ɔ', 's', 't', 'r', 'ɪ', 'j'], 0.17
499, ['#', 't', 'u', 'p', 'ɔˑ', 'j'], ['#', 't', 'u', 'p', 'ɪ', 'j'], 0.11
500, ['#', 'tʲ', 'ɪ', 'ʒ', 'o', 'ɫ', 'ɨ', 'j'], ['#', 'w', 'ɑ', 'ʐ', '*', 'k', 'ɪ', 'j'], 0.35
501, ['#', 'k', 'r', 'ɐ', '*', 'sʲ', 'iˑ', 'v', 'ɨ', 'j'], ['#', 'w', 'r', 'ɔ', 'd', 'l', 'ɪ', 'w', 'ɪ', 'j'], 0.36
502, ['#', 'ʒ', 'aˑ', 'r', 'k', 'i', 'j'], ['#', 'ʐ', 'ɑ', 'r', 'k', 'ɪ', 'j'], 0.09
502, ['#', 'ʒ', 'aˑ', 'r', '*', 'k', 'i', 'j'], ['#', 'ɦ', 'ɑ', 'rʲ', 'ɑ', 'ʈ͡ʂ', 'ɪ', 'j'], 0.26
503, ['#', 'tʲ', 'o', 'p', 'ɫ', 'ɨ', 'j'], ['#', 't', 'ɛ', 'p', 'l', 'ɪ', 'j'], 0.17
504, ['#', 'x', 'ɐ', 'ɫ', 'ɔˑ', 'd', 'n', 'ɨ', 'j'], ['#', 'x', 'ɔ', 'l', 'ɔ', 'd', 'n', 'ɪ', 'j'], 0.12
505, ['#', 'p', 'r', 'ɐ', 'x', '*', 'ɫ', 'aˑ', 'd', 'n', 'ɨ', 'j'], ['#', 'p', 'r', 'ɔ', 'x', 'ɔ', 'l', 'ɔ', 'd', 'n', 'ɪ', 'j'], 0.21
506, ['#', 's', 'vʲ', 'eˑ', 'ʒ', 'ɨ', 'j'], ['#', 's', 'v', 'i', 'ʐ', 'ɪ', 'j'], 0.1
508, ['#', 'm', 'ɔˑ', 'k', 'r', 'ɨ', 'j'], ['#', 'm', 'ɔ', 'k', 'r', 'ɪ', 'j'], 0.05
509, ['#', 's', 'u', 'x', 'ɔˑ', 'j'], ['#', 's', 'u', 'x', 'ɪ', 'j'], 0.11
510, ['#', 'p', 'ɔˑ', 'ɫ', 'n', 'ɨ', 'j'], ['#', 'p', 'ɔ', 'w', 'n', 'ɪ', 'j'], 0.16
511, ['#', 'p', 'u', 's', 't', 'ɔˑ', 'j'], ['#', 'p', 'u', 's', 't', 'ɪ', 'j'], 0.1
512, ['#', '*', 'ɐ', 't', 'k', 'r', 'ɨˑ', 't', 'ɨ', 'j'], ['#', 'v', 'i', 'd', 'k', 'r', 'ɪ', 't', 'ɪ', 'j'], 0.2
513, ['#', 'z', 'ɐ', 'k', 'r', 'ɨˑ', 't', 'ɨ', 'j'], ['#', 'z', 'ɑ', 'k', 'r', 'ɪ', 't', 'ɪ', 'j'], 0.07
513, ['#', 'z', 'ɐ', 'k', '*', 'r', 'ɨˑ', 't', 'ɨ', 'j'], ['#', 'z', 'ɑ', 'ʈ͡ʂ', 'ɪ', 'n', 'ɛ', 'n', 'ɪ', 'j'], 0.26
514, ['#', 't͡ʃʲ', 'iˑ', 's', 't', 'ɨ', 'j'], ['#', 'ʈ͡ʂ', 'ɪ', 's', 't', 'ɪ', 'j'], 0.13
515, ['#', 'ɡ', 'rʲ', 'aˑ', 'z', 'n', 'ɨ', 'j'], ['#', 'b', 'r', 'u', 'd', 'n', 'ɪ', 'j'], 0.18
516, ['#', 's', 'ɨ', 'r', 'ɔˑ', 'j'], ['#', 's', 'ɪ', 'r', 'ɪ', 'j'], 0.14
517, ['#', 'z', 'rʲ', 'eˑ', 'ɫ', 'ɨ', 'j'], ['#', 'z', 'rʲ', 'i', 'l', 'ɪ', 'j'], 0.12
518, ['#', 'v', 'k', 'uˑ', 's', 'n', 'ɨ', 'j'], ['#', 's', 'm', 'ɑ', 'ʈ͡ʂ', 'n', 'ɪ', 'j'], 0.23
519, ['#', 's', '*', 'ɫ', 'aˑ', 'd', 'k', 'i', 'j'], ['#', 's', 'ɔ', 'l', 'ɔ', 'd', 'k', 'ɪ', 'j'], 0.24
520, ['#', '*', 'ɡ', 'ɔˑ', 'rʲ', 'k', 'i', 'j'], ['#', 'ɦ', 'j', 'i', 'r', 'k', 'ɪ', 'j'], 0.29
521, ['#', 'k', 'iˑ', 's', 'ɫ', 'ɨ', 'j'], ['#', 'k', 'ɪ', 's', 'l', 'ɪ', 'j'], 0.13
522, ['#', 's', 'vʲ', 'eˑ', 't', 'ɫ', 'ɨ', 'j'], ['#', 's', 'v', 'i', 't', 'l', 'ɪ', 'j'], 0.13
523, ['#', 'tʲ', 'o', 'm', 'n', 'ɨ', 'j'], ['#', 't', 'ɛ', 'm', 'n', 'ɪ', 'j'], 0.11
524, ['#', 't͡ʃʲ', 'o', 'r', 'n', 'ɨ', 'j'], ['#', 'ʈ͡ʂ', 'ɔ', 'r', 'n', 'ɪ', 'j'], 0.09
525, ['#', 'bʲ', 'eˑ', 'ɫ', 'ɨ', 'j'], ['#', 's', 'ɪ', 'w', 'ɪ', 'j'], 0.35
527, ['#', 'ʒ', 'o', 'ɫ', 't', 'ɨ', 'j'], ['#', 'ʐ', 'ɔ', 'w', 't', 'ɪ', 'j'], 0.16
528, ['#', 'sʲ', 'iˑ', 'nʲ', 'i', 'j'], ['#', 's', 'ɪ', 'nʲ', 'i', 'j'], 0.09
529, ['#', 'zʲ', 'ɪ', 'l', 'o', 'n', 'ɨ', 'j'], ['#', 'z', 'ɛ', 'l', 'ɛ', 'n', 'ɪ', 'j'], 0.13
530, ['#', 'sʲ', 'eˑ', 'r', 'ɨ', 'j'], ['#', 'sʲ', 'i', 'r', 'ɪ', 'j'], 0.07
531, ['#', 'pʲ', 'o', 's', '*', '*', 't', 'r', 'ɨ', 'j'], ['#', 'b', 'ɑ', 'r', 'w', 'ɪ', 's', 't', 'ɪ', 'j'], 0.39
532, ['#', 'dʲ', 'ɪ', 'ʃ', 'o', 'v', 'ɨ', 'j'], ['#', 'd', 'ɛ', 'ʂ', 'ɛ', 'w', 'ɪ', 'j'], 0.22
533, ['#', 'd', 'ə', 'r', 'ɐ', 'ɡ', 'ɔˑ', 'j'], ['#', 'd', 'ɔ', 'r', 'ɔ', 'ɦ', 'ɪ', 'j'], 0.22
534, ['#', 't͡s', 'ɛˑ', 'n', 'n', 'ɨ', 'j'], ['#', 't͡sʲ', 'i', '*', 'nː', 'ɪ', 'j'], 0.27
535, ['#', 's', 'l', 'ɪ', 'p', 'ɔˑ', 'j'], ['#', 's', 'lʲ', 'i', 'p', 'ɪ', 'j'], 0.15
536, ['#', 'ɡ', 'ɫ', 'u', 'x', 'ɔˑ', 'j'], ['#', 'ɦ', 'l', 'u', 'x', 'ɪ', 'j'], 0.21
537, ['#', 'm', 'ɐ', 'ɡ', 'uˑ', '*', 't͡ʃʲ', 'i', 'j'], ['#', 'm', 'ɔ', 'ɦ', 'u', 't', 'nʲ', 'i', 'j'], 0.23
538, ['#', 'sʲ', 'iˑ', 'l', 'n', 'ɨ', 'j'], ['#', 's', 'ɪ', 'lʲ', 'n', 'ɪ', 'j'], 0.13
539, ['#', 's', 'ɫ', 'aˑ', 'b', '*', 'ɨ', 'j'], ['#', 's', 'l', 'ɑ', 'b', 'k', 'ɪ', 'j'], 0.24
540, ['#', 'ʒ', 'ɨˑ', 'r', 'n', 'ɨ', 'j'], ['#', 'ʐ', 'ɪ', 'r', 'n', 'ɪ', 'j'], 0.09
541, ['#', 's', 't', 'r', 'ɔˑ', 'j', 'n', 'ɨ', 'j'], ['#', '*', 't', '*', 'ɔ', 'n', 'k', 'ɪ', 'j'], 0.37
541, ['#', 's', 't', 'r', 'ɔˑ', 'j', 'n', 'ɨ', 'j'], ['#', 's', 't', 'r', 'u', 'n', 'k', 'ɪ', 'j'], 0.17
542, ['#', 'p', 'rʲ', 'ɪ', 'l', 'eˑ', 's', 't', 'n', 'ɨ', 'j'], ['#', 'ʈ͡ʂ', '*', 'ɑ', 'rʲ', 'i', '*', 'w', 'n', 'ɪ', 'j'], 0.39
543, ['#', 'z', 'ɫ', 'ə', 'j'], ['#', 'z', 'l', 'ɪ', 'j'], 0.11
543, ['#', 'z', '*', 'ɫ', 'ə', 'j'], ['#', 'l', 'ɪ', 'x', 'ɪ', 'j'], 0.29
544, ['#', 'ɡ', 'ɫ', 'uˑ', '*', 'p', 'ɨ', 'j'], ['#', 'd', '*', 'u', 'r', 'n', 'ɪ', 'j'], 0.39
545, ['#', 'l', 'ɪ', 'nʲ', 'iˑ', 'v', 'ɨ', 'j'], ['#', 'l', 'ɛ', 'd', 'ɑ', 'ʈ͡ʂ', 'ɪ', 'j'], 0.23
546, ['#', 'p', 'rʲ', 'i', 'l', 'eˑ', 'ʒ', 'n', 'ɨ', 'j'], ['#', 's', 't', 'ɑ', 'r', '*', 'ɑ', 'nː', 'ɪ', 'j'], 0.39
548, ['#', '*', 'uˑ', 'm', 'n', 'ɨ', 'j'], ['#', 'm', 'u', 'd', 'r', 'ɪ', 'j'], 0.28
548, ['#', '*', '*', '*', 'uˑ', 'm', 'n', 'ɨ', 'j'], ['#', 'r', 'ɔ', 'z', 'u', 'm', 'n', 'ɪ', 'j'], 0.37
550, ['#', 'mʲ', 'iˑ', 'ɫ', 'ɨ', 'j'], ['#', 'm', 'ɪ', 'l', 'ɪ', 'j'], 0.18
551, ['#', 'vʲ', 'ɪ', 'sʲ', 'o', 'ɫ', 'ɨ', 'j'], ['#', 'w', 'ɛ', 's', 'ɛ', 'l', 'ɪ', 'j'], 0.25
553, ['#', 'ɡ', 'ɐ', 'ɫ', 'ɔˑ', 'd', 'n', 'ɨ', 'j'], ['#', 'ɦ', 'ɔ', 'l', 'ɔ', 'd', 'n', 'ɪ', 'j'], 0.16
555, ['#', 'ɡ', 'ɔˑ', 'ɫ', 'ɨ', 'j'], ['#', 'ɦ', 'ɔ', 'l', 'ɪ', 'j'], 0.19
556, ['#', 'ɡ', 'r', 'uˑ', 's', 't', 'n', 'ɨ', 'j'], ['#', '*', 's', 'u', '*', 'm', 'n', 'ɪ', 'j'], 0.37
557, ['#', 'ʒ', 'ɨ', 'v', 'ɔˑ', 'j'], ['#', 'ʐ', 'ɪ', 'w', 'ɪ', 'j'], 0.26
558, ['#', 'x', 'ɐ', 'r', 'ɔˑ', 'ʃ', 'ɨ', 'j'], ['#', 'd', 'ɔ', 'b', '*', 'r', 'ɪ', 'j'], 0.38
560, ['#', 'p', 'r', 'aˑ', 'vʲ', 'i', 'l', 'n', 'ɨ', 'j'], ['#', 'p', 'r', 'ɑ', 'w', 'ɪ', 'lʲ', 'n', 'ɪ', 'j'], 0.15
561, ['#', 'mʲ', 'eˑ', 'r', '*', 'z', 'k', 'i', 'j'], ['#', 'b', '*', 'r', 'ɪ', 'd', 'k', 'ɪ', 'j'], 0.31
562, ['#', 'n', 'ə', 's', 't', 'ɐ', 'j', 'aˑ', 'ʃʲː', 'i', 'j'], ['#', 's', '*', 'p', 'r', 'ɑ', 'w', 'ʐ', 'nʲ', 'i', 'j'], 0.4
563, ['#', 's', 't', 'aˑ', 'r', 'ɨ', 'j'], ['#', 's', 't', 'ɑ', 'r', 'ɪ', 'j'], 0.07
564, ['#', 'n', 'ɔˑ', 'v', 'ɨ', 'j'], ['#', 'n', 'ɔ', 'w', 'ɪ', 'j'], 0.16
565, ['#', 'b', 'ɨˑ', 'v', '*', 'ʃ', '*', 'ɨ', 'j'], ['#', 'k', 'ɔ', 'l', 'ɪ', 'ʂ', 'nʲ', 'i', 'j'], 0.39
567, ['#', 'm', 'ə', 'ɫ', 'ɐ', 'd', 'ɔˑ', 'j'], ['#', 'm', 'ɔ', 'l', 'ɔ', 'd', 'ɪ', 'j'], 0.22
568, ['#', 'bʲ', 'eˑ', 'd', 'n', 'ɨ', 'j'], ['#', 'b', 'i', 'd', 'n', 'ɪ', 'j'], 0.09
569, ['#', 'b', 'ɐ', 'ɡ', 'aˑ', 't', 'ɨ', 'j'], ['#', 'b', 'ɑ', 'ɦ', 'ɑ', 't', 'ɪ', 'j'], 0.13
570, ['#', 'z', 'n', 'ɐ', 'k', 'ɔˑ', 'm', 'ɨ', 'j'], ['#', 'z', 'n', 'ɑ', 'j', 'ɔ', 'm', 'ɪ', 'j'], 0.11
571, ['#', 'z', 'n', 'ə', 'mʲ', 'ɪ', 'nʲ', 'iˑ', 't', 'ɨ', 'j'], ['#', 's', 'l', 'ɑ', 'w', 'ɛ', '*', 't', 'n', 'ɪ', 'j'], 0.37
572, ['#', 't͡ʃ', 'u', 'ʒ', 'ɔˑ', 'j'], ['#', 'ʈ͡ʂ', 'u', 'ʐ', 'ɪ', 'j'], 0.16
573, ['#', 'r', 'aˑ', 'z', 'n', 'ɨ', 'j'], ['#', 'rʲ', 'i', 'z', 'n', 'ɪ', 'j'], 0.1
574, ['#', 'b', 'l', 'iˑ', 'z', 'k', 'i', 'j'], ['#', 'b', 'l', 'ɪ', 'zʲ', 'k', 'ɪ', 'j'], 0.09
575, ['#', 'd', 'ɐ', 'l', 'o', 'k', 'i', 'j'], ['#', 'd', 'ɑ', 'l', 'ɛ', 'k', 'ɪ', 'j'], 0.09
576, ['#', 'l', 'eˑ', 'v', 'ɨ', 'j'], ['#', 'lʲ', 'i', 'w', 'ɪ', 'j'], 0.2
577, ['#', 'p', 'r', 'aˑ', 'v', 'ɨ', 'j'], ['#', 'p', 'r', 'ɑ', 'w', 'ɪ', 'j'], 0.16
579, ['#', 'pʲ', 'eˑ', 'r', 'v', 'ɨ', 'j'], ['#', 'p', 'ɛ', 'r', 'ʂ', 'ɪ', 'j'], 0.15
580, ['#', 'v', 't', 'ɐ', 'r', 'ɔˑ', 'j'], ['#', 'd', 'r', 'u', 'ɦ', 'ɪ', 'j'], 0.31
581, ['#', 't', 'rʲ', 'eˑ', 'tʲ', 'i', 'j'], ['#', 't', 'r', 'ɛ', 'tʲ', 'i', 'j'], 0.06
582, ['#', 'p', 'ɐ', 's', 'l', 'eˑ', 'd', 'nʲ', 'i', 'j'], ['#', '*', 'ɔ', 's', 't', '*', 'ɑ', 'nʲː', 'i', 'j'], 0.39
583, ['#', 'ɐ', 'dʲ', 'iˑ', 'n'], ['#', 'ɔ', 'd', 'ɪ', 'n'], 0.17
584, ['#', 's', '*', '*', 'r', 'aˑ', 'z', 'u'], ['#', 'v', 'i', 'd', 'r', 'ɑ', 'z', 'u'], 0.33
586, ['#', 'd', 'ɔˑ', 'ɫ', 'ɡ', 'ə'], ['#', 'd', 'ɔ', 'w', 'ɦ', 'ɔ'], 0.28
588, ['#', 't', 'ɔˑ', 't', 't͡ʃ', 'ə', 's'], ['#', 'z', 'ɑ', '*', 'r', 'ɑ', 'z'], 0.35
590, ['#', 'sʲ', 'ɪ', 'j', 't͡ʃ', 'aˑ', 's'], ['#', 't', 'ɛ', '*', 'p', 'ɛ', 'r'], 0.37
591, ['#', 'sʲ', 'ɪ', 'v', 'ɔˑ', 'd', 'nʲ', 'ɪ'], ['#', 'sʲ', 'ɔ', 'ɦ', 'ɔ', 'd', 'nʲ', 'i'], 0.13
592, ['#', 'z', 'aˑ', 'v', 't', 'r', 'ə'], ['#', 'z', 'ɑ', 'w', 't', 'r', 'ɑ'], 0.17
594, ['#', 'p', 'ɐ', 't', 'ɔˑ', 'm'], ['#', 'p', 'ɔ', 'tʲ', 'i', 'm'], 0.2
595, ['#', 'v', 't͡ʃʲ', 'ɪ', 'r', 'aˑ'], ['#', 'w', 'ʈ͡ʂ', 'ɔ', 'r', 'ɑ'], 0.31
597, ['#', 't', 'ɐ', 'ɡ', 'd', 'aˑ'], ['#', 't', 'ɔ', '*', 'dʲ', 'i'], 0.31
598, ['#', 'z', '*', 'ɐ', 'tʲ', 'eˑ', 'm'], ['#', 'z', 'ɦ', 'ɔ', 'd', 'ɔ', 'm'], 0.33
599, ['#', 'r', 'aˑ', 'nʲ', '*', 'ʃ', 'ə'], ['#', 'r', 'ɑ', 'nʲ', 'i', 'ʂ', 'ɛ'], 0.23
600, ['#', 's', 'pʲ', 'ɪ', 'r', 'v', 'aˑ'], ['#', 's', 'p', 'ɛ', 'r', 'ʂ', 'u'], 0.22
602, ['#', 'j', 'ɨ', 'n', 'ɐ', 'ɡ', 'd', 'aˑ'], ['#', 'j', 'i', 'n', 'ɔ', '*', 'dʲ', 'i'], 0.24
602, ['#', 'j', 'ɨ', 'n', 'ɐ', 'ɡ', '*', 'd', 'aˑ'], ['#', 'j', 'i', 'n', '*', 'k', 'ɔ', 'l', 'ɪ'], 0.32
603, ['#', 't͡ʃ', 'aˑ', 's', 't', 'ə'], ['#', 'ʈ͡ʂ', 'ɑ', 's', 't', 'ɔ'], 0.14
604, ['#', 'v', 'sʲ', 'ɪ', '*', 'ɡ', 'd', 'aˑ'], ['#', 'z', '*', 'ɑ', 'w', 'ʐ', 'd', 'ɪ'], 0.39
605, ['#', 'nʲ', 'i', 'k', 'ɐ', 'ɡ', 'd', 'aˑ'], ['#', 'nʲ', 'i', 'k', 'ɔ', '*', 'l', 'ɪ'], 0.24
607, ['#', 'sʲ', 'u', 'd', 'aˑ'], ['#', 'sʲ', 'u', 'd', 'ɪ'], 0.08
609, ['#', 't', 'aˑ', 'm'], ['#', 't', 'ɑ', 'm'], 0.08
610, ['#', 't', 'u', 'd', 'aˑ'], ['#', 't', 'u', 'd', 'ɪ'], 0.08
611, ['#', 'p', 'rʲ', 'aˑ', 'm', 'ə'], ['#', 'p', 'rʲ', 'ɑ', 'm', 'ɔ'], 0.11
612, ['#', 'v', 'pʲ', 'ɪ', 'rʲ', 'o', 't'], ['#', 'w', 'p', 'ɛ', 'r', 'ɛ', 'd'], 0.27
613, ['#', 'n', 'ɐ', 'z', 'aˑ', 't'], ['#', 'n', 'ɑ', 'z', 'ɑ', 'd'], 0.12
615, ['#', 'v', 'nʲ', 'i', 'z', 'uˑ'], ['#', 'w', 'n', 'ɪ', 'z', 'u'], 0.19
616, ['#', 'v', 'nʲ', 'iˑ', 's'], ['#', 'w', 'n', 'ɪ', 'z'], 0.27
620, ['#', 'nʲ', 'eˑ'], ['#', 'n', 'ɛ'], 0.15
621, ['#', 'nʲ', 'ɪ', 'm', '*', 'n', 'ɔˑ', 'ɡ', 'ə'], ['#', 'n', 'ɛ', 'b', 'ɑ', 'ɦ', 'ɑ', 't', 'ɔ'], 0.36
622, ['#', 'j', 'ɪ', 'd', 'v', 'aˑ'], ['#', 'l', 'ɛ', 'd', 'w', 'ɛ'], 0.25
624, ['#', 't', 'aˑ', 'k'], ['#', 't', 'ɑ', 'k'], 0.08
626, ['#', 't', 'ɔˑ', 'l', 'k', 'ə'], ['#', 'tʲ', 'i', 'lʲ', 'k', 'ɪ'], 0.21
627, ['#', 'u', 'ʒ', 'ɛˑ'], ['#', 'w', 'ʐ', 'ɛ'], 0.32
630, ['#', 'pʲ', 'eˑ', 'rʲ', 'ɪ', 't'], ['#', 'p', 'ɛ', 'r', 'ɛ', 'd'], 0.18
631, ['#', 'p', 'ə', 'z', 'ɐ', 'dʲ', 'iˑ'], ['#', 'p', 'ɔ', 'z', 'ɑ', 'd', 'u'], 0.17
632, ['#', 'p', 'ɔˑ', 't'], ['#', 'pʲ', 'i', 'd'], 0.27
633, ['#', 's', 'k', 'v', 'ɔˑ', 'sʲ'], ['#', '*', 'k', 'rʲ', 'i', 'zʲ'], 0.39
637, ['#', 'ɛˑ', 't', 'ə'], ['#', '*', 't͡s', 'ɛ'], 0.32
638, ['#', 't', 'ɔˑ'], ['#', 't', 'ɔ'], 0.06
639, ['#', 'v', 'sʲ', 'o'], ['#', 'w', 's', 'ɛ'], 0.3
640, ['#', 'j', 'aˑ'], ['#', 'j', 'ɑ'], 0.11
641, ['#', 't', 'ɨˑ'], ['#', 't', 'ɪ'], 0.11
643, ['#', 'm', 'ɨˑ'], ['#', 'm', 'ɪ'], 0.11
644, ['#', 'v', 'ɨˑ'], ['#', 'w', 'ɪ'], 0.31
645, ['#', '*', 'ɐ', 'nʲ', 'iˑ'], ['#', 'w', 'ɔ', 'n', 'ɪ'], 0.37
646, ['#', 'ʃ', 't', 'ɔː'], ['#', 'ʂ', 'ʈ͡ʂ', 'ɔ'], 0.14
647, ['#', 'k', 't', 'ɔˑ'], ['#', 'x', 't', 'ɔ'], 0.09
648, ['#', 'ɡ', 'dʲ', 'eˑ'], ['#', '*', 'd', 'ɛ'], 0.36
649, ['#', 'k', 'u', 'd', 'aˑ'], ['#', 'k', 'u', 'd', 'ɪ'], 0.08
650, ['#', 'k', 'aˑ', 'k'], ['#', 'j', 'ɑ', 'k'], 0.21
651, ['#', 'p', 'ə', 't͡ʃʲ', 'ɪ', 'm', 'uˑ'], ['#', 'ʈ͡ʂ', 'ɔ', '*', '*', 'm', 'u'], 0.4
652, ['#', 's', 'k', 'ɔˑ', 'l', 'k', 'ə'], ['#', 's', 'k', 'i', 'lʲ', 'k', 'ɪ'], 0.15
653, ['#', 'ɐ', 'dʲ', 'iˑ', 'n'], ['#', 'ɔ', 'd', 'ɪ', 'n'], 0.17
654, ['#', 'd', 'v', 'aˑ'], ['#', 'd', 'w', 'ɑ'], 0.23
655, ['#', 't', 'rʲ', 'iˑ'], ['#', 't', 'r', 'ɪ'], 0.13
656, ['#', 't͡ʃʲ', 'ɪ', 't', 'ɨˑ', 'rʲ', 'ɪ'], ['#', 'ʈ͡ʂ', 'ɔ', 't', 'ɪ', 'r', 'ɪ'], 0.2
657, ['#', 'pʲ', '*', 'aˑ', 'tʲ'], ['#', 'p', 'j', 'ɑ', 'tʲ'], 0.31
658, ['#', 'ʃ', '*', 'ə', 's', 'tʲ'], ['#', 'ʂ', 'j', 'i', 's', 'tʲ'], 0.23
659, ['#', 'sʲ', 'eˑ', 'mʲ'], ['#', 'sʲ', 'i', 'm'], 0.11
660, ['#', 'v', 'ɔˑ', 'sʲ', 'ɪ', 'mʲ'], ['#', 'v', 'i', 'sʲ', 'i', 'm'], 0.17
661, ['#', 'dʲ', 'eˑ', '*', 'vʲ', 'ɪ', 'tʲ'], ['#', 'd', 'ɛ', 'w', 'j', 'ɑ', 'tʲ'], 0.34
662, ['#', 'dʲ', 'eˑ', 'sʲ', 'ɪ', 'tʲ'], ['#', 'd', 'ɛ', 'sʲ', 'ɑ', 'tʲ'], 0.13
663, ['#', 'ɐ', 'dʲ', 'iˑ', 'n', 'n', 'ə', 'd', 't͡s', 'ə', 'tʲ'], ['#', 'ɔ', 'd', 'ɪ', '*', 'n', 'ɑ', 'd', 't͡sʲ', 'ɑ', 'tʲ'], 0.23
664, ['#', 'd', 'vʲ', 'ɪ', 'n', 'aˑ', 'd', 't͡s', 'ə', 'tʲ'], ['#', 'd', 'w', 'ɑ', 'n', 'ɑ', 'd', 't͡sʲ', 'ɑ', 'tʲ'], 0.17
665, ['#', 'd', 'v', 'aˑ', 'd', 't͡s', 'ə', 'tʲ'], ['#', 'd', 'w', 'ɑ', 'd', 't͡sʲ', 'ɑ', 'tʲ'], 0.17
666, ['#', 't', 'rʲ', 'iˑ', 'd', 't͡s', 'ə', 'tʲ'], ['#', 't', 'r', 'ɪ', 'd', 't͡sʲ', 'ɑ', 'tʲ'], 0.12
667, ['#', 's', 'ɔˑ', 'r', 'ə', 'k'], ['#', 's', 'ɔ', 'r', 'ɔ', 'k'], 0.08
668, ['#', 'pʲ', '*', 'ɪ', 'tʲ', 'dʲ', 'ɪ', 'sʲ', 'aˑ', 't'], ['#', 'p', 'j', 'ɑ', 'd', 'd', 'ɛ', 'sʲ', 'ɑ', 't'], 0.27
669, ['#', 'ʃ', '*', 'ə', 's', 'tʲ', 'dʲ', 'ɪ', 'sʲ', 'aˑ', 't'], ['#', 'ʂ', 'j', 'i', 's', 'd', 'd', 'ɛ', 'sʲ', 'ɑ', 't'], 0.23
670, ['#', 'sʲ', 'eˑ', 'mʲ', 'dʲ', 'ɪ', 'sʲ', 'ɪ', 't'], ['#', 'sʲ', 'i', 'm', 'd', 'ɛ', 'sʲ', 'ɑ', 't'], 0.14
671, ['#', 'v', 'ɔˑ', 'sʲ', 'ɪ', 'mʲ', 'dʲ', 'ɪ', 'sʲ', 'ɪ', 't'], ['#', 'v', 'i', 'sʲ', 'i', 'm', 'd', 'ɛ', 'sʲ', 'ɑ', 't'], 0.17
672, ['#', 'dʲ', 'ɪ', '*', 'vʲ', 'ɪ', 'n', 'ɔˑ', 's', 't', 'ə'], ['#', 'd', 'ɛ', 'w', 'j', 'ɑ', 'n', 'ɔ', 's', 't', 'ɔ'], 0.26
673, ['#', 's', 't', 'ɔˑ'], ['#', 's', 't', 'ɔ'], 0.04
674, ['#', 't', 'ɨˑ', 'sʲ', 'ɪ', 't͡ʃ', 'ə'], ['#', 't', 'ɪ', 'sʲ', 'ɑ', 'ʈ͡ʂ', 'ɑ'], 0.16
675, ['#', 'j', 'ɨˑ'], ['#', 'j', 'i'], 0.08
676, ['#', 'l', 'iˑ', 'b', 'ə'], ['#', '*', 'ɑ', 'b', 'ɔ'], 0.37
677, ['#', 's', 't', 'ɐ', 'j', 'aˑ', 'tʲ', '*'], ['#', 's', 't', 'ɔ', 'j', 'ɑ', 't', 'ɪ'], 0.23
678, ['#', 'sʲ', 'i', 'dʲ', 'eˑ', 'tʲ', '*'], ['#', 's', 'ɪ', 'dʲ', 'i', 't', 'ɪ'], 0.26
679, ['#', 'l', 'ɪ', 'ʒ', 'aˑ', 'tʲ', '*'], ['#', 'l', 'ɛ', 'ʐ', 'ɑ', 't', 'ɪ'], 0.27
680, ['#', 'vʲ', 'i', 'sʲ', 'eˑ', 'tʲ', '*'], ['#', 'w', 'ɪ', 'sʲ', 'i', 't', 'ɪ'], 0.32
681, ['#', 's', 't', 'aˑ', 'tʲ', '*'], ['#', 's', 't', 'ɑ', 't', 'ɪ'], 0.26
682, ['#', 's', 'ɫ', 'u', 't͡ʃʲ', 'iˑ', 'tʲ', '*', 'sʲ', 'ɪ'], ['#', 't', 'r', 'ɑ', 'p', 'ɪ', 't', 'ɪ', 'sʲ', 'ɑ'], 0.33
683, ['#', 'n', 'ɐ', 't͡ʃ', 'aˑ', 'tʲ', '*', 'sʲ', 'ɪ'], ['#', 'p', 'ɔ', 'ʈ͡ʂ', 'ɑ', 't', 'ɪ', 'sʲ', 'ɑ'], 0.33
684, ['#', 'k', 'ɔˑ', 'n', 't͡ʃʲ', 'i', 'tʲ', '*', 'sʲ', 'ɪ'], ['#', 'k', 'i', 'n', 'ʈ͡ʂ', 'ɪ', 't', 'ɪ', 'sʲ', 'ɑ'], 0.28
685, ['#', 'mʲ', 'ɪ', 'nʲ', 'aˑ', 'tʲ', '*', 'sʲ', 'ɪ'], ['#', 'm', 'i', 'nʲ', 'ɑ', 't', 'ɪ', 'sʲ', 'ɑ'], 0.25
686, ['#', 'v', 'z', 'ə', 'j', 'tʲ', 'iˑ'], ['#', '*', 'zʲ', 'i', 'j', 't', 'ɪ'], 0.28
687, ['#', 'z', 'ə', 'j', 'tʲ', 'iˑ'], ['#', 'z', 'ɑ', 'j', 't', 'ɪ'], 0.13
688, ['#', 's', 'vʲ', 'ɪ', 'tʲ', 'iˑ', 'tʲ', '*'], ['#', 's', 'v', 'i', 't', 'ɪ', 't', 'ɪ'], 0.26
689, ['#', 'ɡ', 'rʲ', 'ɪ', 'mʲ', 'eˑ', 'tʲ', '*'], ['#', 'ɦ', 'r', 'ɪ', 'm', 'i', 't', 'ɪ'], 0.28
691, ['#', 'l', 'iˑ', 'tʲ', '*', 'sʲ', 'ɪ'], ['#', 'l', 'ɪ', 't', 'ɪ', 'sʲ', 'ɑ'], 0.27
693, ['#', 'v', 'r', 'ɐ', 'ʃ', 'ʃ', 'aˑ', 'tʲ', '*', 'sʲ', 'ɪ'], ['#', 'ɔ', 'b', 'ɛ', 'r', 't', 'ɑ', 't', 'ɪ', 'sʲ', 'ɑ'], 0.38
694, ['#', 'k', 'ə', 'l', 'ɪ', 'b', 'aˑ', 'tʲ', '*', 'sʲ', 'ɪ'], ['#', 'k', 'ɔ', 'l', 'ɪ', 'w', 'ɑ', 't', 'ɪ', 'sʲ', 'ɑ'], 0.25
695, ['#', 'k', 'ɐ', 't͡ʃ', 'aˑ', 'tʲ', '*', 'sʲ', 'ɪ'], ['#', 'x', 'ɪ', 't', 'ɑ', 't', 'ɪ', 'sʲ', 'ɑ'], 0.27
696, ['#', 'p', 'aˑ', 'd', 'ə', 'tʲ', '*'], ['#', 'p', 'ɑ', 'd', 'ɑ', 't', 'ɪ'], 0.25
697, ['#', 'ɡ', 'ɐ', 'rʲ', 'eˑ', 'tʲ', '*'], ['#', 'ɦ', 'ɔ', 'rʲ', 'i', 't', 'ɪ'], 0.31
698, ['#', 'd', 'ɨ', 'mʲ', 'iˑ', 'tʲ', '*'], ['#', 'd', 'ɪ', 'm', 'i', 't', 'ɪ'], 0.25
699, ['#', 'd', 'ɐ', 'ʒ', 'dʲ', 'iˑ', 'tʲ', '*'], ['#', 'd', 'ɔ', 'ʂ', 'ʈ͡ʂ', 'ɪ', 't', 'ɪ'], 0.36
700, ['#', 'z', 'ɐ', 'mʲ', 'o', 'r', 'z', 'n', 'u', 'tʲ', '*'], ['#', 'z', '*', 'm', 'ɛ', 'r', 'z', 'n', 'u', 't', 'ɪ'], 0.26
701, ['#', 't', 'aˑ', 'j', 'ə', 'tʲ', '*'], ['#', 't', 'ɑ', 'n', 'u', 't', 'ɪ'], 0.34
702, ['#', 'p', 'ɫ', 'aˑ', 'vʲ', 'i', 'tʲ', '*', 'sʲ', 'ɪ'], ['#', 'p', 'l', 'ɑ', 'w', 'ɪ', 't', 'ɪ', 'sʲ', 'ɑ'], 0.3
703, ['#', 's', 'ɔˑ', 'x', 'n', 'u', 'tʲ', '*'], ['#', 's', 'ɔ', 'x', 'n', 'u', 't', 'ɪ'], 0.17
704, ['#', 'k', 'i', 'pʲ', 'eˑ', 'tʲ', '*'], ['#', 'k', 'ɪ', 'pʲ', 'i', 't', 'ɪ'], 0.23
705, ['#', 'ɡ', 'nʲ', 'iˑ', 'tʲ', '*'], ['#', 'ɦ', 'n', 'ɪ', 't', 'ɪ'], 0.36
706, ['#', 's', 'ɡ', 'nʲ', 'iˑ', 'tʲ', '*'], ['#', 'z', 'ɦ', 'n', 'ɪ', 't', 'ɪ'], 0.33
707, ['#', 'r', 'v', 'aˑ', 'tʲ', '*', 'sʲ', 'ɪ'], ['#', 'r', 'w', 'ɑ', 't', 'ɪ', 'sʲ', 'ɑ'], 0.31
708, ['#', 't', 'ɐ', 'n', 'uˑ', 'tʲ', '*'], ['#', 't', 'ɔ', 'n', 'u', 't', 'ɪ'], 0.24
709, ['#', 'p', 'r', 'ə', 'x', 'ɐ', 'dʲ', 'iˑ', 'tʲ', '*'], ['#', 'p', 'r', 'ɔ', 'x', 'ɔ', 'd', 'ɪ', 't', 'ɪ'], 0.24
711, ['#', 'j', 'ɨ', 's', 't͡ʃʲ', 'eˑ', 'z', 'n', 'u', 'tʲ', '*'], ['#', '*', '*', 'ʂ', 'ʈ͡ʂ', 'ɛ', 'z', 'n', 'u', 't', 'ɪ'], 0.37
712, ['#', 's', 'p', 'ɐ', 'd', 'aˑ', 'tʲ', '*'], ['#', 's', 'p', 'ɑ', 'd', 'ɑ', 't', 'ɪ'], 0.21
713, ['#', '*', 'u', 'mʲ', 'eˑ', 'nʲ', 'ʃ', 'ɨ', 'tʲ', '*', 'sʲ', 'ɪ'], ['#', 'p', 'ɔ', 'm', 'ɛ', 'n', 'ʂ', 'ɪ', 't', 'ɪ', 'sʲ', 'ɑ'], 0.3
715, ['#', 'p', 'ə', 'd', 'nʲ', 'i', 'm', 'aˑ', 'tʲ', '*', 'sʲ', 'ɪ'], ['#', 'pʲ', 'i', 'd', 'nʲ', 'i', 'm', 'ɑ', 't', 'ɪ', 'sʲ', 'ɑ'], 0.19
716, ['#', 'r', 'ɐ', 's', 'tʲ', 'iˑ'], ['#', 'r', 'ɔ', 's', 't', 'ɪ'], 0.14
717, ['#', 'b', 'l', 'ɪ', 's', '*', '*', 'tʲ', 'eˑ', 'tʲ'], ['#', 'b', 'l', 'ɪ', 'ʂ', 'ʈ͡ʂ', 'ɑ', 't', 'ɪ', '*'], 0.37
719, ['#', 'ʃ', 'u', 'mʲ', 'eˑ', 'tʲ', '*'], ['#', 'ʂ', 'u', 'm', 'i', 't', 'ɪ'], 0.25
720, ['#', 'z', 'v', 'ɐ', 'nʲ', 'iˑ', 'tʲ', '*'], ['#', 'd͡z', 'w', 'ɔ', 'n', 'ɪ', 't', 'ɪ'], 0.35
721, ['#', 'z', 'v', 'ɐ', 'nʲ', 'iˑ', 'tʲ', '*'], ['#', 'd͡z', 'w', 'ɔ', 'n', 'ɪ', 't', 'ɪ'], 0.35
722, ['#', 'z', 'vʲ', 'aˑ', 'k', 'ə', 'tʲ', '*'], ['#', 'd͡z', 'v', 'ɑ', 'k', 'ɑ', 't', 'ɪ'], 0.26
723, ['#', 'b', 'u', 'ʃ', 'ɪ', 'v', 'aˑ', 'tʲ', '*'], ['#', 'b', 'u', 'ʂ', 'u', 'w', 'ɑ', 't', 'ɪ'], 0.29
724, ['#', 'ʃ', 'ə', 'l', 'ɪ', 's', 'tʲ', 'eˑ', 'tʲ', '*'], ['#', 'ʂ', 'ɛ', 'l', 'ɛ', 's', 'tʲ', 'i', 't', 'ɪ'], 0.2
725, ['#', 'z', 'v', 'u', 't͡ʃ', 'aˑ', 'tʲ', '*'], ['#', 'l', '*', 'u', 'n', 'ɑ', 't', 'ɪ'], 0.37
725, ['#', 'z', 'v', 'u', 't͡ʃ', 'aˑ', 'tʲ', '*'], ['#', 'z', 'w', 'u', 'ʈ͡ʂ', 'ɑ', 't', 'ɪ'], 0.29
728, ['#', 'd', 'uˑ', 'n', 'u', 'tʲ', '*'], ['#', 'd', 'u', 'n', 'u', 't', 'ɪ'], 0.2
729, ['#', 's', 'vʲ', 'i', 's', 'tʲ', 'eˑ', 'tʲ', '*'], ['#', 's', 'w', 'ɪ', 's', 'tʲ', 'i', 't', 'ɪ'], 0.25
730, ['#', 'k', 'rʲ', 'i', 't͡ʃ', 'aˑ', 'tʲ', '*'], ['#', 'k', 'r', 'ɪ', 'ʈ͡ʂ', 'ɑ', 't', 'ɪ'], 0.26
731, ['#', 's', 't', 'ɐ', '*', 'n', 'aˑ', 'tʲ', '*'], ['#', 's', 't', 'ɔ', 'ɦ', 'n', 'ɑ', 't', 'ɪ'], 0.32
732, ['#', 'd', 'r', 'ɐ', 'ʒ', '*', 'aˑ', 'tʲ', '*'], ['#', 't', 'r', 'ɛ', 'm', 'tʲ', 'i', 't', 'ɪ'], 0.37
733, ['#', 'ʒ', 'ɨˑ', 'tʲ', '*'], ['#', 'ʐ', 'ɪ', 't', 'ɪ'], 0.33
735, ['#', 'd', 'ɨ', 'ʃ', 'aˑ', 'tʲ', '*'], ['#', 'd', 'ɪ', 'x', 'ɑ', 't', 'ɪ'], 0.27
736, ['#', 'pʲ', 'iˑ', 'tʲ', '*'], ['#', 'p', 'ɪ', 't', 'ɪ'], 0.35
737, ['#', 'j', 'ə', 's', 'tʲ', '*'], ['#', 'j', 'i', 's', 't', 'ɪ'], 0.24
740, ['#', 'z', 'ɐ', 's', 'n', 'uˑ', 'tʲ', '*'], ['#', 'z', 'ɑ', 's', 'n', 'u', 't', 'ɪ'], 0.19
741, ['#', 's', 'p', 'aˑ', 'tʲ', '*'], ['#', 's', 'p', 'ɑ', 't', 'ɪ'], 0.26
742, ['#', 'p', 'r', 'ɐ', 's', '*', 'n', 'uˑ', 'tʲ', '*', 'sʲ', 'ɪ'], ['#', 'p', 'r', 'ɔ', 'k', 'ɪ', 'n', 'u', 't', 'ɪ', 'sʲ', 'ɑ'], 0.29
743, ['#', 'v', 's', 't', 'aˑ', 'tʲ', '*'], ['#', 'w', 's', 't', 'ɑ', 't', 'ɪ'], 0.3
747, ['#', 'b', 'ɐ', 'l', 'eˑ', 'tʲ', '*'], ['#', 'b', 'ɔ', 'lʲ', 'i', 't', 'ɪ'], 0.28
748, ['#', 'k', 'aˑ', 'ʃ', 'l', 'ɪ', 'tʲ', '*'], ['#', 'k', 'ɑ', 'ʂ', 'lʲ', 'ɑ', 't', 'ɪ'], 0.27
752, ['#', 'd', 'vʲ', 'iˑ', 'ɡ', 'ə', 'tʲ', '*', 'sʲ', 'ɪ'], ['#', 'r', '*', 'u', 'x', 'ɑ', 't', 'ɪ', 'sʲ', 'ɑ'], 0.39
754, ['#', 'v', 's', 't', 'aˑ', 'tʲ', '*'], ['#', 'w', 's', 't', 'ɑ', 't', 'ɪ'], 0.3
755, ['#', 'sʲ', 'ɪ', 's', 'tʲ', '*'], ['#', 'sʲ', 'i', 's', 't', 'ɪ'], 0.23
756, ['#', 'u', 'p', 'aˑ', 's', 'tʲ', '*'], ['#', 'u', 'p', 'ɑ', 's', 't', 'ɪ'], 0.22
757, ['#', 'x', 'ɐ', 'dʲ', 'iˑ', 'tʲ', '*'], ['#', 'x', 'ɔ', 'd', 'ɪ', 't', 'ɪ'], 0.3
759, ['#', 'ɡ', 'u', 'l', 'aˑ', 'tʲ', '*'], ['#', 'ɦ', 'u', 'lʲ', 'ɑ', 't', 'ɪ'], 0.3
760, ['#', 's', 'pʲ', 'ɪ', 'ʃ', 'ɨˑ', 'tʲ', '*'], ['#', 's', 'pʲ', 'i', 'ʂ', 'ɪ', 't', 'ɪ'], 0.23
762, ['#', 'm', 't͡ʃ', 'aˑ', 'tʲ', '*', 'sʲ', 'ɪ'], ['#', 'm', 'ʈ͡ʂ', 'ɑ', 't', 'ɪ', 'sʲ', 'ɑ'], 0.26
763, ['#', 'bʲ', 'eˑ', 'ɡ', 'ə', 'tʲ', '*'], ['#', 'b', 'i', 'ɦ', 'ɑ', 't', 'ɪ'], 0.33
764, ['#', 'p', 'r', 'ɨˑ', 'ɡ', 'ə', 'tʲ', '*'], ['#', 's', 'k', 'ɑ', 'k', 'ɑ', 't', 'ɪ'], 0.38
764, ['#', '*', 'p', 'r', 'ɨˑ', 'ɡ', 'ə', 'tʲ', '*'], ['#', 's', 't', 'r', 'ɪ', 'b', 'ɑ', 't', 'ɪ'], 0.35
765, ['#', 'ɫ', 'aˑ', 'z', 'ə', 'tʲ', '*'], ['#', 'l', 'ɑ', 'z', 'ɪ', 't', 'ɪ'], 0.3
767, ['#', 'p', 'ɔˑ', 'ɫ', 'z', 'ə', 'tʲ', '*'], ['#', 'p', 'ɔ', 'w', 'z', 'ɑ', 't', 'ɪ'], 0.3
768, ['#', 'p', 'ɫ', 'aˑ', 'v', 'ə', 'tʲ', '*'], ['#', 'p', 'l', 'ɑ', 'w', 'ɑ', 't', 'ɪ'], 0.35
770, ['#', 'ɡ', 'rʲ', 'ɪ', 's', 'tʲ', 'iˑ'], ['#', 'ɦ', 'r', 'ɛ', 'b', 't', 'ɪ'], 0.28
771, ['#', 'j', 'ɛˑ', 'x', 'ə', 'tʲ', '*'], ['#', 'j', 'i', 'x', 'ɑ', 't', 'ɪ'], 0.25
772, ['#', 'l', 'ɪ', 't', 'aˑ', 'tʲ', '*'], ['#', 'lʲ', 'i', 't', 'ɑ', 't', 'ɪ'], 0.27
773, ['#', 'j', 'ɨ', 'd', 'tʲ', 'iˑ'], ['#', 'j', 'i', '*', 't', 'ɪ'], 0.27
775, ['#', '*', 'ɐ', 't', 'p', 'r', 'aˑ', 'vʲ', 'i', 'tʲ', '*', 'sʲ', 'ɪ'], ['#', 'v', 'i', 'd', 'p', 'r', 'ɑ', 'w', 'ɪ', 't', 'ɪ', 'sʲ', 'ɑ'], 0.31
776, ['#', 'ɐ', 's', '*', 't', 'ə', 'n', 'ɐ', 'vʲ', 'iˑ', 'tʲ', 'sʲ', 'ɪ'], ['#', '*', 'z', 'u', 'p', 'ɪ', 'n', 'ɪ', 't', 'ɪ', '*', 'sʲ', 'ɑ'], 0.4
777, ['#', 'v', 'x', 'ɐ', 'dʲ', 'iˑ', 'tʲ', '*'], ['#', 'w', 'x', 'ɔ', 'd', 'ɪ', 't', 'ɪ'], 0.33
778, ['#', '*', 'v', 'ə', 'j', 'tʲ', 'iˑ'], ['#', 'u', 'v', 'i', 'j', 't', 'ɪ'], 0.25
779, ['#', 'p', 'rʲ', 'i', 'j', 'tʲ', 'iˑ'], ['#', 'p', 'r', 'ɪ', 'j', 't', 'ɪ'], 0.13
780, ['#', 'p', 'rʲ', 'i', 'b', 'ɨˑ', 'tʲ', '*'], ['#', 'p', 'r', 'ɪ', 'b', 'u', 't', 'ɪ'], 0.25
786, ['#', '*', 'n', 'ə', 'j', 'tʲ', 'iˑ'], ['#', 'z', 'n', 'ɑ', 'j', 't', 'ɪ'], 0.25
788, ['#', 'p', 'ə', 'd', 'ɡ', 'ɐ', 't', 'ɔˑ', 'vʲ', 'i', 'tʲ', '*'], ['#', 'pʲ', 'i', 'd', 'ɦ', 'ɔ', 't', 'u', 'w', 'ɑ', 't', 'ɪ'], 0.3
789, ['#', 'l', 'u', 'bʲ', 'iˑ', 'tʲ', '*'], ['#', 'lʲ', 'u', 'b', 'ɪ', 't', 'ɪ'], 0.28
790, ['#', 'l', 'u', 'bʲ', 'iˑ', 'tʲ', '*'], ['#', 'lʲ', 'u', 'b', 'ɪ', 't', 'ɪ'], 0.28
791, ['#', 's', 'mʲ', 'ɪ', 'j', 'aˑ', 'tʲ', '*', 'sʲ', 'ɪ'], ['#', 's', 'm', 'i', 'j', 'ɑ', 't', 'ɪ', 'sʲ', 'ɑ'], 0.22
792, ['#', 'r', 'ɐ', 's', 't', 'r', 'ɔˑ', 'ɡ', 'ə', 'tʲ', '*'], ['#', 'r', 'ɔ', 'z', 'ʈ͡ʂ', '*', 'u', 'l', 'ɪ', 't', 'ɪ'], 0.36
793, ['#', 'p', 'ɫ', 'aˑ', 'k', 'ə', 'tʲ', '*'], ['#', 'p', 'l', 'ɑ', 'k', 'ɑ', 't', 'ɪ'], 0.27
794, ['#', 'r', 'u', 'ɡ', 'aˑ', 'tʲ', '*', 'sʲ', 'ɪ'], ['#', 'l', 'ɑ', 'j', 'ɑ', 't', 'ɪ', 'sʲ', 'ɑ'], 0.3
795, ['#', 'sʲ', 'ɪ', 'r', 'dʲ', 'iˑ', 'tʲ', '*', 'sʲ', 'ɪ'], ['#', 's', 'ɛ', 'r', 'd', 'ɪ', 't', 'ɪ', 'sʲ', 'ɑ'], 0.25
796, ['#', 'b', 'ɐ', 'j', 'aˑ', 'tʲ', '*', 'sʲ', 'ɪ'], ['#', 'b', 'ɔ', 'j', 'ɑ', 't', 'ɪ', 'sʲ', 'ɑ'], 0.24
797, ['#', 'b', 'ɐ', 'j', 'aˑ', 'tʲ', '*', 'sʲ', 'ɪ'], ['#', 'b', 'ɔ', 'j', 'ɑ', 't', 'ɪ', 'sʲ', 'ɑ'], 0.24
804, ['#', 's', 'ɫ', 'uˑ', 'ʃ', 'ə', 'tʲ', '*'], ['#', 's', 'l', 'u', 'x', 'ɑ', 't', 'ɪ'], 0.28
806, ['#', 'nʲ', 'uˑ', 'x', 'ə', 'tʲ', '*'], ['#', 'nʲ', 'u', 'x', 'ɑ', 't', 'ɪ'], 0.23
809, ['#', 'vʲ', 'i', 'd', 'nʲ', 'eˑ', 'tʲ', '*', 'sʲ', 'ɪ'], ['#', 'w', 'ɪ', 'd', 'nʲ', 'i', 't', 'ɪ', 'sʲ', 'ɑ'], 0.26
811, ['#', 'mʲ', 'o', 'r', 'z', 'n', 'u', 'tʲ', '*'], ['#', 'm', 'ɛ', 'r', 'z', 'n', 'u', 't', 'ɪ'], 0.2
814, ['#', 'x', 'ɐ', 'tʲ', 'eˑ', 'tʲ', '*'], ['#', 'x', 'ɔ', 'tʲ', 'i', 't', 'ɪ'], 0.25
815, ['#', 'n', 'ɐ', 't͡ʃ', 'aˑ', 'tʲ', '*'], ['#', 'p', 'ɔ', 'ʈ͡ʂ', 'ɑ', 't', 'ɪ'], 0.38
816, ['#', 'z', 'ɐ', 'k', 'ɔˑ', 'n', 't͡ʃʲ', 'i', 'tʲ', '*'], ['#', 'z', 'ɑ', 'k', 'i', 'n', 'ʈ͡ʂ', 'ɪ', 't', 'ɪ'], 0.26
817, ['#', 'pʲ', 'ɪ', 'rʲ', 'ɪ', 's', 't', 'aˑ', 'tʲ', '*'], ['#', 'p', 'ɛ', 'r', 'ɛ', 's', 't', 'ɑ', 't', 'ɪ'], 0.24
818, ['#', 'u', 'd', 'aˑ', 'tʲ', '*', 'sʲ', 'ɪ'], ['#', 'w', 'd', 'ɑ', 't', 'ɪ', 'sʲ', 'ɑ'], 0.36
819, ['#', 'ɐ', 'k', 'ɐ', 'z', 'aˑ', 'tʲ', '*', 'sʲ', 'ɪ'], ['#', 'ɔ', 'p', 'ɪ', 'n', 'ɪ', 't', 'ɪ', 'sʲ', 'ɑ'], 0.29
820, ['#', '*', 'ɐ', 't', 'k', 'r', 'ɨˑ', 'tʲ', '*'], ['#', 'v', 'i', 'd', 'k', 'r', 'ɪ', 't', 'ɪ'], 0.33
821, ['#', 'z', 'ɐ', 'k', 'r', 'ɨˑ', 'tʲ', '*'], ['#', 'z', 'ɑ', 'k', 'r', 'ɪ', 't', 'ɪ'], 0.21
822, ['#', 'p', 'ɐ', 's', 't', 'aˑ', 'vʲ', 'i', 'tʲ', '*'], ['#', 'p', 'ɔ', 's', 't', 'ɑ', 'w', 'ɪ', 't', 'ɪ'], 0.26
823, ['#', 'p', 'ə', 's', 'ɐ', 'dʲ', 'iˑ', 'tʲ', '*'], ['#', 'p', 'ɔ', 's', 'ɑ', 'd', 'ɪ', 't', 'ɪ'], 0.25
824, ['#', 'k', 'ɫ', 'ə', 's', 'tʲ', '*'], ['#', 'k', 'l', 'ɑ', 's', 't', 'ɪ'], 0.26
827, ['#', 'p', 'ɐ', 'k', 'r', 'ɨˑ', 'tʲ', '*'], ['#', 'p', 'ɔ', 'k', 'r', 'ɪ', 't', 'ɪ'], 0.23
828, ['#', 'p', 'ɐ', 'vʲ', 'eˑ', 'sʲ', 'i', 'tʲ', '*'], ['#', 'p', 'ɔ', 'v', 'i', 's', 'ɪ', 't', 'ɪ'], 0.26
830, ['#', 'p', 'ɐ', 'd', 'nʲ', 'aˑ', 'tʲ', '*'], ['#', 'pʲ', 'i', 'd', 'nʲ', 'ɑ', 't', 'ɪ'], 0.25
835, ['#', 'j', 'ɨ', 'z', 'ɡ', 'ɐ', 't', 'ɔˑ', 'vʲ', 'i', 'tʲ', '*'], ['#', 'w', 'ɪ', 'ɦ', '*', 'ɔ', 't', 'ɔ', 'w', 'ɪ', 't', 'ɪ'], 0.34
840, ['#', 'k', 'ɐ', 'p', 'aˑ', 'tʲ', '*'], ['#', 'k', 'ɔ', 'p', 'ɑ', 't', 'ɪ'], 0.27
841, ['#', 's', 'ɐ', 'ɡ', 'n', 'uˑ', 'tʲ', '*'], ['#', 'zʲ', 'i', 'ɦ', 'n', 'u', 't', 'ɪ'], 0.3
842, ['#', 'p', 'ɐ', 'ɡ', 'n', 'uˑ', 'tʲ', '*'], ['#', 'p', 'ɔ', 'ɦ', 'n', 'u', 't', 'ɪ'], 0.26
843, ['#', 'vʲ', 'ɪ', 'r', 'tʲ', 'eˑ', 'tʲ', '*'], ['#', 'w', 'ɛ', 'r', 'tʲ', 'i', 't', 'ɪ'], 0.29
844, ['#', 'p', 'ə', 'vʲ', 'ɪ', 'r', 'n', 'uˑ', 'tʲ', '*'], ['#', 'p', 'ɔ', 'w', 'ɛ', 'r', 'n', 'u', 't', 'ɪ'], 0.26
845, ['#', 'pʲ', 'ɪ', 'rʲ', 'ɪ', 'vʲ', 'ɪ', 'r', 'n', 'uˑ', 'tʲ', '*'], ['#', 'p', 'ɛ', 'r', 'ɛ', 'w', 'ɛ', 'r', 'n', 'u', 't', 'ɪ'], 0.26
846, ['#', 'p', 'ə', 'd', 'nʲ', 'i', 'm', 'aˑ', 'tʲ', '*'], ['#', 'pʲ', 'i', 'd', 'nʲ', 'i', 'm', 'ɑ', 't', 'ɪ'], 0.2
847, ['#', 'p', 'ɐ', 'd', 'nʲ', 'aˑ', 'tʲ', '*'], ['#', 'pʲ', 'i', 'd', 'nʲ', 'ɑ', 't', 'ɪ'], 0.25
848, ['#', 's', 'x', 'v', 'ɐ', 'tʲ', 'iˑ', 'tʲ', '*'], ['#', 's', 'x', '*', 'ɔ', 'p', 'ɪ', 't', 'ɪ'], 0.36
852, ['#', 's', 'k', 'rʲ', 'ɪ', 's', 'tʲ', 'iˑ'], ['#', 'ʂ', 'k', 'r', 'ɛ', 'b', 't', 'ɪ'], 0.22
853, ['#', 'l', 'i', 'z', 'aˑ', 'tʲ', '*'], ['#', 'l', 'ɪ', 'z', 'ɑ', 't', 'ɪ'], 0.24
854, ['#', 'k', 'u', 's', 'aˑ', 'tʲ', '*'], ['#', 'k', 'u', 's', 'ɑ', 't', 'ɪ'], 0.22
856, ['#', '*', 'ɐ', 't', 'rʲ', 'eˑ', 'z', 'ə', 'tʲ', '*'], ['#', 'v', 'i', 'd', 'rʲ', 'i', 'z', 'ɑ', 't', 'ɪ'], 0.32
858, ['#', '*', 'v', 'ɐ', 't', 'k', 'n', 'uˑ', 'tʲ', '*'], ['#', 'u', 'v', 'i', 't', 'k', 'n', 'u', 't', 'ɪ'], 0.26
859, ['#', 's', 'ɫ', 'ɐ', 'm', 'aˑ', 'tʲ', '*'], ['#', 'z', 'l', 'ɑ', 'm', 'ɑ', 't', 'ɪ'], 0.29
860, ['#', 's', 't', 'u', 't͡ʃ', 'aˑ', 'tʲ', '*'], ['#', 's', 't', 'u', 'k', 'ɑ', 't', 'ɪ'], 0.23
861, ['#', 'bʲ', 'iˑ', 'tʲ', '*'], ['#', 'b', 'ɪ', 't', 'ɪ'], 0.35
862, ['#', 'k', 'l', 'eˑ', 'j', 'ɨ', 'tʲ', '*'], ['#', 'k', 'l', 'ɛ', 'j', 'i', 't', 'ɪ'], 0.19
864, ['#', 'n', 'ɐ', 'm', 'aˑ', 'z', 'ə', 'tʲ', '*'], ['#', 'n', 'ɑ', 'm', 'ɑ', 'z', 'ɑ', 't', 'ɪ'], 0.22
865, ['#', 't', 'ɐ', 't͡ʃʲ', 'iˑ', 'tʲ', '*'], ['#', 't', 'ɔ', 'ʈ͡ʂ', 'ɪ', 't', 'ɪ'], 0.32
866, ['#', 'rʲ', 'eˑ', 'z', 'ə', 'tʲ', '*'], ['#', 'rʲ', 'i', 'z', 'ɑ', 't', 'ɪ'], 0.24
867, ['#', 'ʃ', 'ɐ', 't', 'aˑ', 'tʲ', '*'], ['#', 'x', 'ɪ', 't', 'ɑ', 't', 'ɪ'], 0.28
868, ['#', 't', 'rʲ', 'ɪ', 's', 'tʲ', 'iˑ'], ['#', 't', 'rʲ', 'ɑ', 's', 't', 'ɪ'], 0.12
869, ['#', 'm', 'ɐ', 'x', 'aˑ', 'tʲ', '*'], ['#', 'm', 'ɑ', 'x', 'ɑ', 't', 'ɪ'], 0.24
870, ['#', 'n', 'ɐ', 'l', 'iˑ', 'tʲ', '*'], ['#', 'n', 'ɑ', 'l', 'ɪ', 't', 'ɪ'], 0.24
871, ['#', 'n', 'ɐ', 'p', 'ɔˑ', 'ɫ', 'nʲ', 'i', 'tʲ', '*'], ['#', 'n', 'ɑ', 'p', 'ɔ', 'w', 'n', 'ɪ', 't', 'ɪ'], 0.27
872, ['#', 'z', 'ə', 'vʲ', 'ɪ', 'r', 'n', 'uˑ', 'tʲ', '*'], ['#', 'z', 'ɑ', 'ɦ', 'ɔ', 'r', 'n', 'u', 't', 'ɪ'], 0.25
873, ['#', 'nʲ', 'ɪ', 's', 'tʲ', 'iˑ'], ['#', 'n', 'ɛ', 's', 't', 'ɪ'], 0.16
875, ['#', 'tʲ', 'ɪ', '*', 'n', 'uˑ', 'tʲ', '*'], ['#', 'tʲ', 'ɑ', 'ɦ', 'n', 'u', 't', 'ɪ'], 0.34
879, ['#', 's', 'x', 'v', 'ɐ', 'tʲ', 'iˑ', 'tʲ', '*'], ['#', 's', 'x', '*', 'ɔ', 'p', 'ɪ', 't', 'ɪ'], 0.36
880, ['#', 's', 'p', '*', 'rʲ', 'aˑ', 't', 'ə', 'tʲ'], ['#', 's', 'x', 'ɔ', 'w', 'ɑ', 't', 'ɪ', '*'], 0.39
881, ['#', 'r', 'ə', 'z', 'dʲ', 'ɪ', 'l', 'iˑ', 'tʲ', '*'], ['#', 'r', 'ɔ', 'z', 'dʲ', 'i', 'l', 'ɪ', 't', 'ɪ'], 0.2
882, ['#', 'p', 'ə', 's', 'ɨ', 'ɫ', 'aˑ', 'tʲ', '*'], ['#', 'p', 'ɔ', 's', 'ɪ', 'l', 'ɑ', 't', 'ɪ'], 0.27
883, ['#', 'p', 'rʲ', 'i', 'nʲ', 'ɪ', 's', 'tʲ', 'iˑ'], ['#', 'p', 'r', 'ɪ', 'n', 'ɛ', 's', 't', 'ɪ'], 0.15
884, ['#', 'd', 'ɐ', 'b', 'aˑ', 'vʲ', 'i', 'tʲ'], ['#', 'd', 'ɔ', 'd', 'ɑ', 't', 'ɪ', '*'], 0.34
885, ['#', 'd', 'ɐ', 's', 't', 'aˑ', 'tʲ', '*'], ['#', 'dʲ', 'i', 's', 't', 'ɑ', 't', 'ɪ'], 0.25
887, ['#', 'v', 'zʲ', 'aˑ', 'tʲ', '*'], ['#', 'w', 'zʲ', 'ɑ', 't', 'ɪ'], 0.36
888, ['#', 'v', 'ɨˑ', 'b', 'r', 'ə', 'tʲ', '*'], ['#', 'w', 'ɪ', 'b', 'r', 'ɑ', 't', 'ɪ'], 0.3
889, ['#', '*', 'ɐ', 't', 'ɐ', 'b', 'r', 'aˑ', 'tʲ', '*'], ['#', 'v', 'i', 'dʲ', 'i', 'b', 'r', 'ɑ', 't', 'ɪ'], 0.34
894, ['#', 'r', 'ɐ', 'z', 'bʲ', 'iˑ', 'tʲ', '*'], ['#', 'r', 'ɔ', 'z', 'b', 'ɪ', 't', 'ɪ'], 0.26
895, ['#', 'r', 'ə', 'z', 'ɐ', 'r', 'v', 'aˑ', 'tʲ', '*'], ['#', 'r', 'ɔ', 'zʲ', 'i', 'r', 'w', 'ɑ', 't', 'ɪ'], 0.29
898, ['#', 'd', 'aˑ', 'tʲ', '*'], ['#', 'd', 'ɑ', 't', 'ɪ'], 0.31
899, ['#', 'pʲ', 'ɪ', 'rʲ', 'ɪ', 'd', 'aˑ', 'tʲ', '*'], ['#', 'p', 'ɛ', 'r', 'ɛ', 'd', 'ɑ', 't', 'ɪ'], 0.27
903, ['#', 'x', 'v', 'ɐ', 'l', 'iˑ', 'tʲ', '*'], ['#', 'x', 'w', 'ɑ', 'l', 'ɪ', 't', 'ɪ'], 0.29
904, ['#', 't͡s', 'ə', 'ɫ', 'ɐ', 'v', 'aˑ', 'tʲ', '*'], ['#', 't͡sʲ', 'i', 'l', 'u', 'w', 'ɑ', 't', 'ɪ'], 0.38
905, ['#', 'k', 'ɐ', 't͡ʃ', 'aˑ', 'tʲ', '*'], ['#', 'k', 'ɑ', 'ʈ͡ʂ', 'ɑ', 't', 'ɪ'], 0.27
906, ['#', 'n', 'ɐ', 'k', 'r', 'ɨˑ', 'tʲ', '*'], ['#', 'n', 'ɑ', 'k', 'r', 'ɪ', 't', 'ɪ'], 0.21
907, ['#', 'r', 'ə', 'z', 'b', 'u', 'dʲ', 'iˑ', 'tʲ', '*'], ['#', 'r', 'ɔ', 'z', 'b', 'u', 'd', 'ɪ', 't', 'ɪ'], 0.21
908, ['#', 'p', 'ə', 'k', 'ɐ', 'z', 'aˑ', 'tʲ', '*'], ['#', 'p', 'ɔ', 'k', 'ɑ', 'z', 'ɑ', 't', 'ɪ'], 0.23
909, ['#', 'vʲ', 'ɪ', 's', 'tʲ', 'iˑ'], ['#', 'w', 'ɛ', 's', 't', 'ɪ'], 0.23
914, ['#', 'p', 'ə', 'd', 'ɡ', 'ɐ', 'nʲ', 'aˑ', 'tʲ', '*'], ['#', 'pʲ', 'i', 'd', 'ɦ', 'ɑ', 'nʲ', 'ɑ', 't', 'ɪ'], 0.26
917, ['#', 'ɐ', 'b', 'ə', 'j', 'ə', 'dʲ', 'i', 'nʲ', 'iˑ', 'tʲ', '*'], ['#', 'ɔ', 'b', '*', 'j', 'ɛ', 'd', '*', 'n', 'ɑ', 't', 'ɪ'], 0.38
919, ['#', 'v', '*', 's', 't', 'rʲ', 'ɪ', 'tʲ', 'iˑ', 'tʲ'], ['#', 'z', 'u', 's', 't', 'rʲ', 'i', 't', 'ɪ', '*'], 0.28
920, ['#', 's', 'ɐ', 'b', 'r', 'aˑ', 'tʲ', '*', 'sʲ', 'ɪ'], ['#', 'zʲ', 'i', 'b', 'r', 'ɑ', 't', 'ɪ', 'sʲ', 'ɑ'], 0.25
923, ['#', 't', 'ə', 'n', 't͡s', 'ɪ', 'v', 'aˑ', 'tʲ', '*'], ['#', 't', 'ɑ', 'n', 't͡sʲ', 'u', 'w', 'ɑ', 't', 'ɪ'], 0.3
924, ['#', 'r', 'ɐ', 's', 's', '*', 't', 'aˑ', 'tʲ', '*', 'sʲ', 'ɪ'], ['#', 'r', 'ɔ', 'z', 'l', 'u', 'ʈ͡ʂ', 'ɪ', 't', 'ɪ', 'sʲ', 'ɑ'], 0.35
925, ['#', 'p', 'ɐ', 'k', 'iˑ', 'n', 'u', 'tʲ', '*'], ['#', 'p', 'ɔ', 'k', 'ɪ', 'n', 'u', 't', 'ɪ'], 0.21
927, ['#', 'ɐ', 'x', '*', 'r', 'ɐ', 'nʲ', 'aˑ', 'tʲ', '*'], ['#', 'ɔ', 'x', 'ɔ', 'r', 'ɔ', 'nʲ', 'ɑ', 't', 'ɪ'], 0.32
928, ['#', 'u', 'bʲ', 'ɪ', 'rʲ', 'ɪ', 'ɡ', 'aˑ', 'tʲ', '*'], ['#', 'u', 'b', 'ɛ', 'rʲ', 'i', 'ɦ', 'ɑ', 't', 'ɪ'], 0.26
929, ['#', 'z', 'ə', 'ʃʲː', 'i', '*', 'tʲ', 'iˑ', 'tʲ', '*'], ['#', 'z', 'ɑ', 'x', 'ɪ', 's', 't', 'ɪ', 't', 'ɪ'], 0.38
930, ['#', 'd', 'r', 'aˑ', 'tʲ', '*', 'sʲ', 'ɪ'], ['#', 'b', '*', 'ɪ', 't', 'ɪ', 'sʲ', 'ɑ'], 0.39
930, ['#', 'd', 'r', 'aˑ', 'tʲ', '*', 'sʲ', 'ɪ'], ['#', 'd', 'r', 'ɑ', 't', 'ɪ', 'sʲ', 'ɑ'], 0.23
931, ['#', 's', 't', 'rʲ', 'ɪ', 'l', 'aˑ', 'tʲ', '*'], ['#', 's', 't', 'rʲ', 'i', 'lʲ', 'ɑ', 't', 'ɪ'], 0.21
933, ['#', 'sʲ', 'ɪ', 'r', 'dʲ', 'iˑ', 'tʲ', '*'], ['#', 's', 'ɛ', 'r', 'd', 'ɪ', 't', 'ɪ'], 0.27
934, ['#', 'u', 'd', 'aˑ', 'rʲ', 'i', 'tʲ', '*'], ['#', 'u', 'd', 'ɑ', 'r', 'ɪ', 't', 'ɪ'], 0.24
936, ['#', 'u', 'k', 'ɐ', 'ɫ', 'ɔˑ', 'tʲ', '*'], ['#', 'w', 'k', 'ɔ', 'l', 'ɔ', 't', 'ɪ'], 0.39
937, ['#', '*', 't', 'ɐ', 'ɫ', 'k', 'n', 'uˑ', 'tʲ', '*'], ['#', 'ʂ', 't', 'ɔ', 'w', 'x', 'n', 'u', 't', 'ɪ'], 0.37
938, ['#', 'u', 'k', 'r', 'aˑ', 's', 'tʲ', '*'], ['#', 'u', 'k', 'r', 'ɑ', 's', 't', 'ɪ'], 0.19
940, ['#', 'n', 'ə', 'd', 'ə', 'j', 'ɪ', 'd', 'aˑ', 'tʲ'], ['#', 'd', 'ɔ', 'k', 'u', 'ʈ͡ʂ', 'ɑ', 't', 'ɪ', '*'], 0.36
942, ['#', 'ɐ', 'b', 'm', 'ɐ', 'n', 'uˑ', 'tʲ', '*'], ['#', 'ɔ', 'b', 'd', 'u', 'r', 'ɪ', 't', 'ɪ'], 0.35
944, ['#', 'u', 'bʲ', 'iˑ', 'tʲ', '*'], ['#', 'u', 'b', 'ɪ', 't', 'ɪ'], 0.29
947, ['#', 's', 'ɐ', 'b', 'r', 'aˑ', 'tʲ', '*'], ['#', 'zʲ', 'i', 'b', 'r', 'ɑ', 't', 'ɪ'], 0.27
948, ['#', 's', 'r', 'ɨ', 'v', 'aˑ', 'tʲ', '*'], ['#', 'z', 'r', 'ɪ', 'w', 'ɑ', 't', 'ɪ'], 0.31
950, ['#', 'r', 'ɨ', 'b', 'aˑ', 't͡ʃʲ', 'i', 'tʲ', '*'], ['#', 'r', 'ɪ', 'b', 'ɑ', 'l', 'ɪ', 't', 'ɪ'], 0.25
951, ['#', 'p', 'ə', 'j', 'm', 'aˑ', 'tʲ', '*'], ['#', 'pʲ', 'i', 'j', 'm', 'ɑ', 't', 'ɪ'], 0.25
952, ['#', 'p', 'ɐ', 's', 'tʲ', 'iˑ'], ['#', 'p', 'ɑ', 's', 't', 'ɪ'], 0.12
953, ['#', 'ɡ', 'n', 'aˑ', 'tʲ', '*'], ['#', 'ɦ', 'n', 'ɑ', 't', 'ɪ'], 0.32
954, ['#', 'p', 'rʲ', 'i', '*', 'vʲ', 'ɪ', 'z', 'aˑ', 'tʲ', '*'], ['#', 'p', 'r', 'ɪ', 'w', 'j', 'ɑ', 'z', 'ɑ', 't', 'ɪ'], 0.35
956, ['#', 'd', 'ɐ', 'j', 'ɨˑ', 'tʲ', '*'], ['#', 'd', 'ɔ', 'j', 'i', 't', 'ɪ'], 0.25
957, ['#', 'r', 'u', 'bʲ', 'iˑ', 'tʲ', '*'], ['#', 'r', 'u', 'b', 'ɑ', 't', 'ɪ'], 0.27
958, ['#', 'p', 'ɐ', 'l', 'iˑ', 'tʲ', '*'], ['#', 'p', 'ɔ', 'l', 'ɪ', 't', 'ɪ'], 0.27
959, ['#', 's', 'ɐ', 'z', 'rʲ', 'eˑ', 'tʲ', '*'], ['#', 'd', 'ɔ', 'z', 'rʲ', 'i', 't', 'ɪ'], 0.27
960, ['#', 'p', 'rʲ', 'i', 'ɡ', 'ɐ', 't', 'ɔˑ', 'vʲ', 'i', 'tʲ', '*'], ['#', 'p', 'r', 'ɪ', 'ɦ', 'ɔ', 't', 'u', 'w', 'ɑ', 't', 'ɪ'], 0.3
961, ['#', 'v', 'ɐ', 'rʲ', 'iˑ', 'tʲ', '*'], ['#', 'w', 'ɑ', 'r', 'ɪ', 't', 'ɪ'], 0.36
964, ['#', 'pʲ', 'ɪ', 'rʲ', 'ɪ', 'mʲ', 'ɪ', 'ʃ', '*', 'aˑ', 'tʲ', '*'], ['#', 'p', 'ɛ', 'r', 'ɛ', 'm', 'i', 'ʂ', 'ʈ͡ʂ', 'ɑ', 't', 'ɪ'], 0.33
966, ['#', 'ʃ', 'ɨˑ', 'tʲ', '*'], ['#', 'ʂ', 'ɪ', 't', 'ɪ'], 0.33
968, ['#', 'ɐ', 't͡ʃʲ', 'iˑ', 's', 'tʲ', 'i', 'tʲ', '*'], ['#', 'ɔ', 'ʈ͡ʂ', 'ɪ', 's', 't', 'ɪ', 't', 'ɪ'], 0.29
970, ['#', 'v', 'ɨˑ', 'tʲ', 'ɪ', 'rʲ', '*', 'ɪ', 'tʲ'], ['#', 'w', 'ɪ', 't', 'ɛ', 'r', 't', 'ɪ', '*'], 0.4
971, ['#', 'p', 'ə', 'ɫ', 'ɐ', 's', 'k', 'aˑ', 'tʲ', '*'], ['#', 'p', 'ɔ', 'l', 'ɔ', 's', 'k', 'ɑ', 't', 'ɪ'], 0.26
972, ['#', 'p', 'ə', 'd', 'mʲ', 'ɪ', 't', 'aˑ', 'tʲ', '*'], ['#', 'pʲ', 'i', 'd', 'm', 'i', 't', 'ɑ', 't', 'ɪ'], 0.23
973, ['#', 'mʲ', 'ɪ', 's', 'tʲ', 'iˑ'], ['#', 'm', 'ɛ', 's', 't', 'ɪ'], 0.16
974, ['#', 'k', 'u', 'p', 'aˑ', 'tʲ', '*', 'sʲ', 'ɪ'], ['#', 'k', 'u', 'p', 'ɑ', 't', 'ɪ', 'sʲ', 'ɑ'], 0.21
975, ['#', 'm', 'ɨˑ', 'tʲ', '*', 'sʲ', 'ɪ'], ['#', 'm', 'ɪ', 't', 'ɪ', 'sʲ', 'ɑ'], 0.27
976, ['#', 's', 'nʲ', 'aˑ', 'tʲ', '*'], ['#', 'z', 'nʲ', 'ɑ', 't', 'ɪ'], 0.29
977, ['#', 'n', 'ɐ', 'dʲ', 'eˑ', 'tʲ', '*'], ['#', 'n', 'ɑ', 'dʲ', 'i', 't', 'ɪ'], 0.23
979, ['#', 'p', 'rʲ', 'i', 't͡ʃʲ', 'ɪ', 's', 'aˑ', 'tʲ', '*'], ['#', '*', 'z', 'ɑ', 'ʈ͡ʂ', 'ɛ', 's', 'ɑ', 't', 'ɪ'], 0.39
981, ['#', 's', 'k', 'ɐ', 'z', 'aˑ', 'tʲ', '*'], ['#', 's', 'k', 'ɑ', 'z', 'ɑ', 't', 'ɪ'], 0.21
982, ['#', 'ɡ', 'ə', 'v', 'ɐ', 'rʲ', 'iˑ', 'tʲ', '*'], ['#', 'ɦ', 'ɔ', 'w', 'ɔ', 'r', 'ɪ', 't', 'ɪ'], 0.38
984, ['#', 'bʲ', 'ɪ', 'sʲ', 'eˑ', 'd', 'ə', 'v', 'ə', 'tʲ', '*'], ['#', 'b', 'ɛ', 'sʲ', 'i', 'd', 'u', 'w', 'ɑ', 't', 'ɪ'], 0.29
986, ['#', 'p', 'r', 'ɐ', 'sʲ', 'iˑ', 'tʲ', '*'], ['#', 'p', 'r', 'ɔ', 's', 'ɪ', 't', 'ɪ'], 0.26
987, ['#', 'r', 'ə', 's', 's', 'k', 'ɐ', 'z', 'aˑ', '*', 'tʲ', '*'], ['#', 'r', 'ɔ', '*', 'z', 'p', 'ɔ', 'v', 'i', 's', 't', 'ɪ'], 0.39
989, ['#', 'n', 'ɐ', 'z', 'v', 'aˑ', 'tʲ', '*'], ['#', 'n', 'ɑ', 'z', 'w', 'ɑ', 't', 'ɪ'], 0.29
991, ['#', 'x', 'v', 'aˑ', 's', '*', 't', 'ə', 'tʲ', 'sʲ', 'ɪ'], ['#', 'x', 'w', 'ɑ', 'l', 'ɪ', 't', 'ɪ', '*', 'sʲ', 'ɑ'], 0.35
992, ['#', 'pʲ', 'ɪ', 'rʲ', 'ɪ', '*', 'vʲ', 'ɪ', 's', 'tʲ', 'iˑ'], ['#', 'p', 'ɛ', 'r', 'ɛ', 'k', 'l', 'ɑ', 's', 't', 'ɪ'], 0.3
993, ['#', 'd', 'uˑ', 'm', 'ə', 'tʲ', '*'], ['#', 'd', 'u', 'm', 'ɑ', 't', 'ɪ'], 0.23
994, ['#', 'vʲ', 'eˑ', 'rʲ', 'i', 'tʲ', '*'], ['#', 'v', 'i', 'r', 'ɪ', 't', 'ɪ'], 0.29
995, ['#', 'z', 'ɐ', 'mʲ', 'eˑ', 'tʲ', 'i', 'tʲ', '*'], ['#', 'p', 'ɔ', 'm', 'i', 't', 'ɪ', 't', 'ɪ'], 0.33
996, ['#', '*', 'u', 'z', 'n', 'aˑ', 'tʲ', '*'], ['#', 'pʲ', 'i', 'z', 'n', 'ɑ', 't', 'ɪ'], 0.36
1000, ['#', 'z', 'n', 'aˑ', 'tʲ', '*'], ['#', 'z', 'n', 'ɑ', 't', 'ɪ'], 0.26
1002, ['#', 'z', 'ɐ', 'b', 'ɨˑ', 'tʲ', '*'], ['#', 'z', 'ɑ', 'b', 'u', 't', 'ɪ'], 0.25
1003, ['#', 'mʲ', 'eˑ', 'rʲ', 'i', 'tʲ', '*'], ['#', 'm', 'i', 'rʲ', 'ɑ', 't', 'ɪ'], 0.28
1004, ['#', 's', 't͡ʃʲ', 'i', 't', 'aˑ', 'tʲ', '*'], ['#', '*', 'lʲ', 'i', 'ʈ͡ʂ', 'ɪ', 't', 'ɪ'], 0.39
1006, ['#', 't͡ʃʲ', 'i', 't', 'aˑ', 'tʲ', '*'], ['#', 'ʈ͡ʂ', 'ɪ', 't', 'ɑ', 't', 'ɪ'], 0.3
1008, ['#', 'rʲ', 'i', 's', 'ɐ', 'v', 'aˑ', 'tʲ', '*'], ['#', 'r', 'ɪ', 's', 'u', 'w', 'ɑ', 't', 'ɪ'], 0.32
1009, ['#', 'pʲ', 'i', 's', 'aˑ', 'tʲ', '*'], ['#', 'p', 'ɪ', 's', 'ɑ', 't', 'ɪ'], 0.27
1011, ['#', 'k', 'u', 'pʲ', 'iˑ', 'tʲ', '*'], ['#', 'k', 'u', 'p', 'ɪ', 't', 'ɪ'], 0.25
1012, ['#', 'p', 'r', 'ɐ', 'd', 'aˑ', 'tʲ', '*'], ['#', 'p', 'r', 'ɔ', 'd', 'ɑ', 't', 'ɪ'], 0.23
1013, ['#', 'z', 'ə', 'p', 'ɫ', 'ɐ', 'tʲ', 'iˑ', 'tʲ', '*'], ['#', 'z', 'ɑ', 'p', 'l', 'ɑ', 't', 'ɪ', 't', 'ɪ'], 0.26
1014, ['#', 'p', 'ɫ', 'ɐ', 'tʲ', 'iˑ', 'tʲ', '*'], ['#', 'p', 'l', 'ɑ', 't', 'ɪ', 't', 'ɪ'], 0.29
1016, ['#', 'v', 'ɨˑ', 'tʲ', 'ɪ', 'r', 'pʲ', 'ɪ', 'tʲ', '*'], ['#', 'w', 'ɪ', 't', 'ɛ', 'r', 'pʲ', 'i', 't', 'ɪ'], 0.28
