lang_iso_code,concept_id,ortho_form,raw_ipa,next_step
ukr,1,око,ɔkɔ,validate
ukr,2,вухо,wuxɔ,validate
ukr,3,ніс,nʲis,validate
ukr,4,рот,rɔt,validate
ukr,5,зуб,zub,validate
ukr,6,язик,jɑzɪk,validate
ukr,7,губа,ɦubɑ,validate
ukr,8,щока,ʂʈ͡ʂɔkɑ,validate
ukr,9,обличчя,ɔblɪʈʈ͡ʂjɑ,validate
ukr,10,лоб,lɔb,validate
ukr,11,волосся,wɔlɔsʲːɑ,validate
ukr,12,вуса,wusɑ,validate
ukr,13,борода,bɔrɔdɑ,validate
ukr,14,підборіддя,pʲidbɔrʲidʲːɑ,validate
ukr,15,щелепа,ʂʈ͡ʂɛlɛpɑ,validate
ukr,16,горло,ɦɔrlɔ,validate
ukr,17,шия,ʂɪjɑ,validate
ukr,18,потилиця,pɔtɪlɪt͡sʲɑ,validate
ukr,19,голова,ɦɔlɔwɑ,validate
ukr,20,спина,spɪnɑ,validate
ukr,21,живіт,ʐɪvit,validate
ukr,22,пупок,pupɔk,validate
ukr,23,груди,ɦrudɪ,review
ukr,24,груди,ɦrudɪ,validate
ukr,25,плече,plɛʈ͡ʂɛ,validate
ukr,26,рука,rukɑ,validate
ukr,27,лікоть,lʲikɔtʲ,validate
ukr,28,рука,rukɑ,validate
ukr,29,долоня,dɔlɔnʲɑ,validate
ukr,30,палець,pɑlɛt͡sʲ,validate
ukr,31,ніготь,nʲiɦɔtʲ,validate
ukr,32,ніготь,nʲiɦɔtʲ,validate
ukr,33,палець на нозі,pɑlɛt͡sʲ nɑ nɔzʲi,validate
ukr,34,нога,nɔɦɑ,validate
ukr,35,п’ятка,pjɑtkɑ,validate
ukr,36,коліно,kɔlʲinɔ,validate
ukr,37,стегно,stɛɦnɔ,validate
ukr,38,нога,nɔɦɑ,validate
ukr,39,тіло,tʲilɔ,validate
ukr,40,шкіра,ʂkirɑ,validate
ukr,41,кров,krɔw,validate
ukr,42,вена,wɛnɑ,validate
ukr,43,сухожилля,suxɔʐɪlʲːɑ,validate
ukr,44,кістка,kistkɑ,validate
ukr,45,мозок,mɔzɔk,validate
ukr,46,серце,sɛrt͡sɛ,validate
ukr,47,шлунок,ʂlunɔk,validate
ukr,48,печінка,pɛʈ͡ʂjinkɑ,validate
ukr,49,дихання,dɪxɑnʲːɑ,validate
ukr,50,голод,ɦɔlɔd,validate
ukr,51,сльоза,slʲɔzɑ,validate
ukr,52,смак,smɑk,validate
ukr,53,запах,zɑpɑx,validate
ukr,54,сон,sɔn,validate
ukr,54,сплячка,splʲɑʈ͡ʂkɑ,validate
ukr,55,сон,sɔn,validate
ukr,56,небо,nɛbɔ,validate
ukr,57,сонце,sɔnt͡sɛ,validate
ukr,58,місяць,misʲɑt͡sʲ,validate
ukr,59,зірка,zʲirkɑ,validate
ukr,60,повітря,pɔvitrʲɑ,validate
ukr,61,вітер,vitɛr,validate
ukr,62,хвиля,xwɪlʲɑ,validate
ukr,63,вода,wɔdɑ,validate
ukr,64,камінь,kɑminʲ,validate
ukr,65,ґрунт,ɡrunt,validate
ukr,66,земля,zɛmlʲɑ,validate
ukr,67,пил,pɪl,validate
ukr,68,дим,dɪm,validate
ukr,69,іскра,jiskrɑ,validate
ukr,70,вогонь,wɔɦɔnʲ,validate
ukr,71,світло,svitlɔ,validate
ukr,72,тінь,tʲinʲ,validate
ukr,73,погода,pɔɦɔdɑ,validate
ukr,74,туман,tumɑn,validate
ukr,75,хмара,xmɑrɑ,validate
ukr,76,дощ,dɔʂʈ͡ʂ,validate
ukr,77,сніг,snʲiɦ,validate
ukr,78,лід,lʲid,validate
ukr,79,мороз,mɔrɔz,validate
ukr,80,холод,xɔlɔd,validate
ukr,81,жар,ʐɑr,validate
ukr,82,іній,jinʲij,validate
ukr,83,райдуга,rɑjduɦɑ,validate
ukr,84,грім,ɦrʲim,validate
ukr,85,струмина,strumɪnɑ,review
ukr,86,крапля,krɑplʲɑ,validate
ukr,87,піна,pʲinɑ,validate
ukr,88,бруд,brud,review
ukr,89,озеро,ɔzɛrɔ,validate
ukr,90,драговина,drɑɦɔwɪnɑ,review
ukr,91,болото,bɔlɔtɔ,validate
ukr,92,луг,luɦ,validate
ukr,92,лука,lukɑ,validate
ukr,93,ліс,lʲis,validate
ukr,94,горб,ɦɔrb,validate
ukr,95,височина,wɪsɔʈ͡ʂɪnɑ,review
ukr,96,гора,ɦɔrɑ,validate
ukr,97,вершина,wɛrʂɪnɑ,validate
ukr,98,печера,pɛʈ͡ʂɛrɑ,validate
ukr,99,схил,sxɪl,review
ukr,100,джерело,ɖ͡ʐɛrɛlɔ,validate
ukr,101,струмок,strumɔk,validate
ukr,102,річка,rʲiʈ͡ʂkɑ,validate
ukr,103,берег,bɛrɛɦ,validate
ukr,104,узбережжя,uzbɛrɛʐːɑ,validate
ukr,105,суша,suʂɑ,validate
ukr,106,море,mɔrɛ,validate
ukr,107,бухта,buxtɑ,review
ukr,107,затока,zɑtɔkɑ,review
ukr,108,острів,ɔstrʲiw,validate
ukr,109,квітка,kvitkɑ,validate
ukr,110,трава,trɑwɑ,validate
ukr,111,корінь,kɔrʲinʲ,validate
ukr,112,дерево,dɛrɛwɔ,validate
ukr,113,стовбур,stɔwbur,validate
ukr,114,кора,kɔrɑ,validate
ukr,115,гілка,ɦjilkɑ,validate
ukr,116,галузь,ɦɑluzʲ,validate
ukr,117,лист,lɪst,validate
ukr,118,береза,bɛrɛzɑ,validate
ukr,119,сосна,sɔsnɑ,validate
ukr,120,верба,wɛrbɑ,validate
ukr,121,ялиця,jɑlɪt͡sʲɑ,validate
ukr,122,ріг,rʲiɦ,validate
ukr,123,перо,pɛrɔ,validate
ukr,124,хутро,xutrɔ,validate
ukr,125,крило,krɪlɔ,validate
ukr,126,кіготь,kiɦɔtʲ,validate
ukr,127,лапа,lɑpɑ,validate
ukr,128,хвіст,xvist,validate
ukr,129,яйце,jɑjt͡sɛ,validate
ukr,130,гніздо,ɦnʲizdɔ,validate
ukr,131,лігво,lʲiɦwɔ,review
ukr,132,тварина,twɑrɪnɑ,validate
ukr,133,стадо,stɑdɔ,validate
ukr,134,корова,kɔrɔwɑ,validate
ukr,135,бик,bɪk,validate
ukr,135,бугай,buɦɑj,validate
ukr,136,кінь,kinʲ,validate
ukr,137,вівця,viwt͡sʲɑ,validate
ukr,138,свиня,swɪnʲɑ,validate
ukr,139,собака,sɔbɑkɑ,validate
ukr,140,кішка,kiʂkɑ,validate
ukr,141,ведмідь,wɛdmidʲ,validate
ukr,142,білка,bilkɑ,validate
ukr,143,лось,lɔsʲ,validate
ukr,144,лисиця,lɪsɪt͡sʲɑ,validate
ukr,145,заєць,zɑjɛt͡sʲ,validate
ukr,146,миша,mɪʂɑ,validate
ukr,147,вовк,wɔwk,validate
ukr,148,птах,ptɑx,validate
ukr,149,зграя,zɦrɑjɑ,validate
ukr,150,курка,kurkɑ,review
ukr,151,півень,pʲiwɛnʲ,validate
ukr,152,гуска,ɦuskɑ,validate
ukr,153,орел,ɔrɛl,validate
ukr,154,качка,kɑʈ͡ʂkɑ,validate
ukr,155,сова,sɔwɑ,validate
ukr,156,журавель,ʐurɑwɛlʲ,validate
ukr,157,ворона,wɔrɔnɑ,validate
ukr,158,зозуля,zɔzulʲɑ,validate
ukr,159,лебідь,lɛbidʲ,validate
ukr,160,риба,rɪbɑ,validate
ukr,161,окунь,ɔkunʲ,validate
ukr,162,щука,ʂʈ͡ʂukɑ,validate
ukr,163,змія,zmijɑ,validate
ukr,164,черв’як,ʈ͡ʂɛrwjɑk,validate
ukr,165,павук,pɑwuk,validate
ukr,166,мурашка,murɑʂkɑ,validate
ukr,167,воша,wɔʂɑ,validate
ukr,168,комар,kɔmɑr,validate
ukr,169,муха,muxɑ,validate
ukr,170,метелик,mɛtɛlɪk,validate
ukr,171,ягода,jɑɦɔdɑ,validate
ukr,172,яблуко,jɑblukɔ,validate
ukr,173,гриб,ɦrɪb,validate
ukr,174,цибуля,t͡sɪbulʲɑ,validate
ukr,175,сім’я,sʲimjɑ,validate
ukr,176,зерно,zɛrnɔ,validate
ukr,177,сіно,sʲinɔ,validate
ukr,178,шкірка,ʂkirkɑ,validate
ukr,179,яма,jɑmɑ,validate
ukr,180,пастка,pɑstkɑ,review
ukr,181,петля,pɛtlʲɑ,validate
ukr,182,слід,slʲid,validate
ukr,183,зола,zɔlɑ,validate
ukr,183,попіл,pɔpʲil,validate
ukr,184,бруд,brud,review
ukr,185,залізо,zɑlʲizɔ,validate
ukr,186,золото,zɔlɔtɔ,validate
ukr,187,срібло,srʲiblɔ,validate
ukr,188,вугілля,wuɦjilʲːɑ,validate
ukr,189,скло,sklɔ,validate
ukr,190,глина,ɦlɪnɑ,validate
ukr,191,пісок,pʲisɔk,validate
ukr,192,людина,lʲudɪnɑ,validate
ukr,193,чоловік,ʈ͡ʂɔlɔvik,validate
ukr,194,жінка,ʐjinkɑ,validate
ukr,195,дитина,dɪtɪnɑ,validate
ukr,196,хлопець,xlɔpɛt͡sʲ,validate
ukr,197,дівчина,dʲiwʈ͡ʂɪnɑ,validate
ukr,198,сім’я,sʲimjɑ,validate
ukr,198,родина,rɔdɪnɑ,validate
ukr,199,дідусь,dʲidusʲ,validate
ukr,200,бабуся,bɑbusʲɑ,validate
ukr,201,батьки,bɑtʲkɪ,validate
ukr,202,батько,bɑtʲkɔ,validate
ukr,203,мати,mɑtɪ,validate
ukr,204,син,sɪn,validate
ukr,205,дочка,dɔʈ͡ʂkɑ,validate
ukr,206,брат,brɑt,validate
ukr,207,сестра,sɛstrɑ,validate
ukr,208,дядько,dʲɑdʲkɔ,validate
ukr,209,тітка,tʲitkɑ,validate
ukr,210,чоловік,ʈ͡ʂɔlɔvik,validate
ukr,211,жінка,ʐjinkɑ,validate
ukr,211,дружина,druʐɪnɑ,validate
ukr,212,радощі,rɑdɔʂʈ͡ʂji,validate
ukr,213,сміх,smix,validate
ukr,214,щастя,ʂʈ͡ʂɑstʲɑ,validate
ukr,215,горе,ɦɔrɛ,validate
ukr,216,бажання,bɑʐɑnʲːɑ,validate
ukr,217,бажання,bɑʐɑnʲːɑ,review
ukr,218,дух,dux,validate
ukr,219,думка,dumkɑ,validate
ukr,220,пам’ять,pɑmjɑtʲ,validate
ukr,221,розум,rɔzum,validate
ukr,222,зміст,zmist,review
ukr,222,значення,znɑʈ͡ʂɛnʲːɑ,review
ukr,223,причина,prɪʈ͡ʂɪnɑ,validate
ukr,224,правда,prɑwdɑ,validate
ukr,225,розмова,rɔzmɔwɑ,validate
ukr,226,байка,bɑjkɑ,review
ukr,227,повість,pɔvistʲ,review
ukr,227,оповідання,ɔpɔvidɑnʲːɑ,review
ukr,228,повідомлення,pɔvidɔmlɛnʲːɑ,validate
ukr,229,новина,nɔwɪnɑ,validate
ukr,230,ім’я,jimjɑ,validate
ukr,231,загадка,zɑɦɑdkɑ,review
ukr,232,промова,prɔmɔwɑ,validate
ukr,233,мова,mɔwɑ,validate
ukr,234,голос,ɦɔlɔs,validate
ukr,235,слово,slɔwɔ,validate
ukr,236,знак,znɑk,validate
ukr,237,оклик,ɔklɪk,validate
ukr,238,шум,ʂum,validate
ukr,239,звук,zwuk,validate
ukr,240,тон,tɔn,validate
ukr,241,пісня,pʲisnʲɑ,validate
ukr,242,спокій,spɔkij,validate
ukr,243,люди,lʲudɪ,validate
ukr,244,народ,nɑrɔd,validate
ukr,245,робота,rɔbɔtɑ,validate
ukr,246,гість,ɦjistʲ,validate
ukr,247,подарунок,pɔdɑrunɔk,validate
ukr,248,гра,ɦrɑ,validate
ukr,249,товариство,tɔwɑrɪstwɔ,review
ukr,250,допомога,dɔpɔmɔɦɑ,validate
ukr,251,друг,druɦ,validate
ukr,251,приятель,prɪjɑtɛlʲ,validate
ukr,252,товариш,tɔwɑrɪʂ,validate
ukr,253,справа,sprɑwɑ,validate
ukr,254,число,ʈ͡ʂɪslɔ,validate
ukr,255,рід,rʲid,review
ukr,256,кусок,kusɔk,review
ukr,257,частина,ʈ͡ʂɑstɪnɑ,validate
ukr,258,половина,pɔlɔwɪnɑ,validate
ukr,259,круг,kruɦ,validate
ukr,259,коло,kɔlɔ,validate
ukr,260,хрест,xrɛst,validate
ukr,261,лінія,lʲinʲijɑ,validate
ukr,262,штрих,ʂtrɪx,validate
ukr,263,проміжок,prɔmiʐɔk,validate
ukr,264,відстань,vidstɑnʲ,validate
ukr,265,місцевість,mit͡sːɛvistʲ,review
ukr,266,площа,plɔʂʈ͡ʂɑ,review
ukr,267,місце,mit͡sːɛ,validate
ukr,268,сторона,stɔrɔnɑ,validate
ukr,269,середина,sɛrɛdɪnɑ,validate
ukr,270,предмет,prɛdmɛt,validate
ukr,271,річ,rʲiʈ͡ʂ,validate
ukr,272,край,krɑj,validate
ukr,273,ребро,rɛbrɔ,review
ukr,274,ріг,rʲiɦ,validate
ukr,275,кінчик,kinʈ͡ʂɪk,validate
ukr,276,кінець,kinɛt͡sʲ,validate
ukr,277,діра,dʲirɑ,validate
ukr,278,куток,kutɔk,validate
ukr,279,узор,uzɔr,review
ukr,280,розмір,rɔzmir,validate
ukr,281,довжина,dɔwʐɪnɑ,validate
ukr,282,висота,wɪsɔtɑ,validate
ukr,283,вага,wɑɦɑ,validate
ukr,284,кількість,kilʲkistʲ,review
ukr,285,купа,kupɑ,validate
ukr,286,ряд,rʲɑd,validate
ukr,287,човен,ʈ͡ʂɔwɛn,validate
ukr,288,весло,wɛslɔ,validate
ukr,289,сани,sɑnɪ,validate
ukr,290,лижа,lɪʐɑ,validate
ukr,291,вогнище,wɔɦnɪʂʈ͡ʂɛ,validate
ukr,292,тягар,tʲɑɦɑr,review
ukr,292,вантаж,wɑntɑʐ,review
ukr,293,хід,xid,validate
ukr,294,крок,krɔk,validate
ukr,295,північ,pʲiwnʲiʈ͡ʂ,validate
ukr,296,південь,pʲiwdɛnʲ,validate
ukr,297,захід,zɑxid,validate
ukr,298,схід,sxid,validate
ukr,299,дрова,drɔwɑ,validate
ukr,300,дошка,dɔʂkɑ,validate
ukr,301,плита,plɪtɑ,validate
ukr,302,підпірка,pʲidpʲirkɑ,validate
ukr,303,жердина,ʐɛrdɪnɑ,validate
ukr,304,палиця,pɑlɪt͡sʲɑ,validate
ukr,305,палиця,pɑlɪt͡sʲɑ,review
ukr,306,труба,trubɑ,validate
ukr,307,дім,dʲim,validate
ukr,307,хата,xɑtɑ,validate
ukr,308,житло,ʐɪtlɔ,validate
ukr,309,піч,pʲiʈ͡ʂ,validate
ukr,310,підлога,pʲidlɔɦɑ,validate
ukr,311,стіл,stʲil,validate
ukr,312,стілець,stʲilɛt͡sʲ,validate
ukr,313,колиска,kɔlɪskɑ,validate
ukr,314,ліжко,lʲiʐkɔ,validate
ukr,314,постіль,pɔstʲilʲ,validate
ukr,315,полиця,pɔlɪt͡sʲɑ,validate
ukr,316,ящик,jɑʂʈ͡ʂɪk,validate
ukr,317,вікно,viknɔ,validate
ukr,318,двері,dwɛrʲi,validate
ukr,319,ворота,wɔrɔtɑ,validate
ukr,320,паркан,pɑrkɑn,validate
ukr,320,огорожа,ɔɦɔrɔʐɑ,validate
ukr,321,дах,dɑx,validate
ukr,322,драбина,drɑbɪnɑ,validate
ukr,323,мітла,mitlɑ,validate
ukr,324,заступ,zɑstup,validate
ukr,325,совок,sɔwɔk,validate
ukr,325,лопата,lɔpɑtɑ,validate
ukr,326,виделка,wɪdɛlkɑ,validate
ukr,327,ложка,lɔʐkɑ,validate
ukr,328,ніж,nʲiʐ,validate
ukr,329,цвях,t͡svɑx,validate
ukr,330,сіть,sʲitʲ,validate
ukr,331,крюк,krʲuk,validate
ukr,332,ручка,ruʈ͡ʂkɑ,validate
ukr,332,держак,dɛrʐɑk,validate
ukr,333,замок,zɑmɔk,validate
ukr,334,картина,kɑrtɪnɑ,validate
ukr,335,фігура,fiɦurɑ,validate
ukr,336,лялька,lʲɑlʲkɑ,validate
ukr,337,мішечок,miʂɛʈ͡ʂɔk,validate
ukr,337,торбинка,tɔrbɪnkɑ,validate
ukr,338,в’язка,wjɑzkɑ,validate
ukr,339,сумка,sumkɑ,validate
ukr,340,відро,vidrɔ,validate
ukr,341,кришка,krɪʂkɑ,validate
ukr,342,посуд,pɔsud,validate
ukr,343,мішок,miʂɔk,validate
ukr,344,чашка,ʈ͡ʂɑʂkɑ,validate
ukr,345,горщик,ɦɔrʂʈ͡ʂɪk,validate
ukr,346,котел,kɔtɛl,validate
ukr,347,їжа,jiʐɑ,validate
ukr,348,харч,xɑrʈ͡ʂ,review
ukr,349,страва,strɑwɑ,review
ukr,350,м’ясо,mjɑsɔ,validate
ukr,351,хліб,xlʲib,validate
ukr,351,збіжжя,zbiʐːɑ,validate
ukr,352,каша,kɑʂɑ,validate
ukr,353,хліб,xlʲib,validate
ukr,354,скибочка,skɪbɔʈ͡ʂkɑ,validate
ukr,355,жир,ʐɪr,validate
ukr,356,масло,mɑslɔ,validate
ukr,357,олія,ɔlʲijɑ,validate
ukr,358,сіль,sʲilʲ,validate
ukr,359,суп,sup,validate
ukr,360,мед,mɛd,validate
ukr,361,молоко,mɔlɔkɔ,validate
ukr,362,чай,ʈ͡ʂɑj,validate
ukr,363,шкіра,ʂkirɑ,validate
ukr,364,шерсть,ʂɛrstʲ,validate
ukr,365,тканина,tkɑnɪnɑ,validate
ukr,366,голка,ɦɔlkɑ,validate
ukr,367,нитка,nɪtkɑ,validate
ukr,368,ґудзик,ɡud͡zɪk,validate
ukr,369,вузол,wuzɔl,validate
ukr,370,фарба,fɑrbɑ,validate
ukr,371,одяг,ɔdʲɑɦ,validate
ukr,371,убрання,ubrɑnʲːɑ,validate
ukr,372,сорочка,sɔrɔʈ͡ʂkɑ,validate
ukr,373,комір,kɔmir,validate
ukr,374,рукав,rukɑw,validate
ukr,375,брюки,brʲukɪ,validate
ukr,376,пояс,pɔjɑs,validate
ukr,377,шапка,ʂɑpkɑ,validate
ukr,378,ботинок,bɔtɪnɔk,validate
ukr,379,чобіт,ʈ͡ʂɔbit,validate
ukr,380,кільце,kilʲt͡sɛ,validate
ukr,381,стрічка,strʲiʈ͡ʂkɑ,validate
ukr,382,гребінець,ɦrɛbinɛt͡sʲ,validate
ukr,383,дзеркало,d͡zɛrkɑlɔ,validate
ukr,384,ремінь,rɛminʲ,validate
ukr,385,вірьовка,virʲɔwkɑ,validate
ukr,386,шворка,ʂwɔrkɑ,review
ukr,387,ковдра,kɔwdrɑ,validate
ukr,388,подушка,pɔduʂkɑ,validate
ukr,389,хустка,xustkɑ,validate
ukr,390,рушник,ruʂnɪk,validate
ukr,391,сила,sɪlɑ,validate
ukr,392,сила,sɪlɑ,review
ukr,393,здоров’я,zdɔrɔwjɑ,validate
ukr,394,хвороба,xwɔrɔbɑ,validate
ukr,395,біль,bilʲ,validate
ukr,396,рана,rɑnɑ,validate
ukr,397,гарячка,ɦɑrʲɑʈ͡ʂkɑ,validate
ukr,398,ліки,lʲikɪ,validate
ukr,399,міст,mist,validate
ukr,400,колодязь,kɔlɔdʲɑzʲ,validate
ukr,401,пасовище,pɑsɔwɪʂʈ͡ʂɛ,validate
ukr,402,стежка,stɛʐkɑ,validate
ukr,403,шлях,ʂlʲɑx,validate
ukr,403,дорога,dɔrɔɦɑ,validate
ukr,404,вулиця,wulɪt͡sʲɑ,validate
ukr,405,село,sɛlɔ,validate
ukr,406,місто,mistɔ,validate
ukr,407,лист,lɪst,validate
ukr,408,книга,knɪɦɑ,validate
ukr,408,книжка,knɪʐkɑ,validate
ukr,409,буква,bukwɑ,validate
ukr,409,літера,lʲitɛrɑ,validate
ukr,410,газета,ɦɑzɛtɑ,validate
ukr,411,життя,ʐɪtʲːɑ,validate
ukr,412,смерть,smɛrtʲ,validate
ukr,413,могила,mɔɦɪlɑ,validate
ukr,414,церква,t͡sɛrkwɑ,validate
ukr,415,гріх,ɦrʲix,validate
ukr,416,бог,bɔɦ,validate
ukr,417,робітник,rɔbitnɪk,validate
ukr,418,хазяїн,xɑzʲɑjin,validate
ukr,419,умілець,umilɛt͡sʲ,review
ukr,420,лікар,lʲikɑr,validate
ukr,421,вчитель,wʈ͡ʂɪtɛlʲ,validate
ukr,422,гроші,ɦrɔʂji,validate
ukr,423,заняття,zɑnʲɑtʲːɑ,review
ukr,424,магазин,mɑɦɑzɪn,validate
ukr,424,крамниця,krɑmnɪt͡sʲɑ,validate
ukr,425,ціна,t͡sʲinɑ,validate
ukr,426,товар,tɔwɑr,validate
ukr,427,вигода,wɪɦɔdɑ,validate
ukr,427,користь,kɔrɪstʲ,validate
ukr,428,багатство,bɑɦɑtstwɔ,validate
ukr,429,світ,svit,validate
ukr,430,країна,krɑjinɑ,validate
ukr,431,держава,dɛrʐɑwɑ,validate
ukr,432,король,kɔrɔlʲ,validate
ukr,433,влада,wlɑdɑ,validate
ukr,434,кордон,kɔrdɔn,validate
ukr,435,війна,vijnɑ,validate
ukr,436,ворог,wɔrɔɦ,validate
ukr,437,насильство,nɑsɪlʲstwɔ,validate
ukr,438,бій,bij,validate
ukr,438,боротьба,bɔrɔdʲbɑ,validate
ukr,439,лук,luk,validate
ukr,440,стріла,strʲilɑ,validate
ukr,441,рушниця,ruʂnɪt͡sʲɑ,validate
ukr,441,гвинтівка,ɦwɪntʲiwkɑ,validate
ukr,442,помилка,pɔmɪlkɑ,validate
ukr,443,брехня,brɛxnʲɑ,validate
ukr,444,шкода,ʂkɔdɑ,validate
ukr,444,збиток,zbɪtɔk,validate
ukr,445,нещастя,nɛʂʈ͡ʂɑstʲɑ,validate
ukr,446,провина,prɔwɪnɑ,validate
ukr,447,вік,vik,validate
ukr,447,літа,lʲitɑ,validate
ukr,448,кінець,kinɛt͡sʲ,validate
ukr,449,час,ʈ͡ʂɑs,validate
ukr,450,день,dɛnʲ,validate
ukr,451,ранок,rɑnɔk,validate
ukr,452,південь,pʲiwdɛnʲ,validate
ukr,453,вечір,wɛʈ͡ʂjir,validate
ukr,454,ніч,nʲiʈ͡ʂ,validate
ukr,455,тиждень,tɪʐdɛnʲ,validate
ukr,456,місяць,misʲɑt͡sʲ,validate
ukr,457,рік,rʲik,validate
ukr,458,весна,wɛsnɑ,validate
ukr,459,літо,lʲitɔ,validate
ukr,460,осінь,ɔsʲinʲ,validate
ukr,461,зима,zɪmɑ,validate
ukr,462,січень,sʲiʈ͡ʂɛnʲ,validate
ukr,463,лютий,lʲutɪj,validate
ukr,464,березень,bɛrɛzɛnʲ,validate
ukr,465,квітень,kvitɛnʲ,validate
ukr,466,травень,trɑwɛnʲ,validate
ukr,467,червень,ʈ͡ʂɛrwɛnʲ,validate
ukr,468,липень,lɪpɛnʲ,validate
ukr,469,серпень,sɛrpɛnʲ,validate
ukr,470,вересень,wɛrɛsɛnʲ,validate
ukr,471,жовтень,ʐɔwtɛnʲ,validate
ukr,472,листопад,lɪstɔpɑd,validate
ukr,473,грудень,ɦrudɛnʲ,validate
ukr,474,понеділок,pɔnɛdʲilɔk,validate
ukr,475,вівторок,viwtɔrɔk,validate
ukr,476,середа,sɛrɛdɑ,validate
ukr,477,четвер,ʈ͡ʂɛtwɛr,validate
ukr,478,п’ятниця,pjɑtnɪt͡sʲɑ,validate
ukr,479,субота,subɔtɑ,validate
ukr,480,неділя,nɛdʲilʲɑ,validate
ukr,481,великий,wɛlɪkɪj,validate
ukr,482,малий,mɑlɪj,validate
ukr,482,маленький,mɑlɛnʲkɪj,validate
ukr,483,довгий,dɔwɦɪj,validate
ukr,484,короткий,kɔrɔtkɪj,validate
ukr,485,широкий,ʂɪrɔkɪj,validate
ukr,486,вузький,wuzʲkɪj,validate
ukr,487,густий,ɦustɪj,validate
ukr,488,товстий,tɔwstɪj,validate
ukr,489,тонкий,tɔnkɪj,validate
ukr,490,дрібний,drʲibnɪj,validate
ukr,491,міцний,mit͡snɪj,validate
ukr,492,плоский,plɔskɪj,validate
ukr,493,рівний,rʲiwnɪj,validate
ukr,493,гладенький,ɦlɑdɛnʲkɪj,validate
ukr,494,твердий,twɛrdɪj,validate
ukr,495,м’який,mjɑkɪj,validate
ukr,496,круглий,kruɦlɪj,validate
ukr,497,гострокінцевий,ɦɔstrɔkint͡sɛwɪj,validate
ukr,498,гострий,ɦɔstrɪj,validate
ukr,499,тупий,tupɪj,validate
ukr,500,важкий,wɑʐkɪj,validate
ukr,501,вродливий,wrɔdlɪwɪj,validate
ukr,502,жаркий,ʐɑrkɪj,validate
ukr,502,гарячий,ɦɑrʲɑʈ͡ʂɪj,validate
ukr,503,теплий,tɛplɪj,validate
ukr,504,холодний,xɔlɔdnɪj,validate
ukr,505,прохолодний,prɔxɔlɔdnɪj,validate
ukr,506,свіжий,sviʐɪj,validate
ukr,507,вогкий,wɔɦkɪj,validate
ukr,508,мокрий,mɔkrɪj,validate
ukr,509,сухий,suxɪj,validate
ukr,510,повний,pɔwnɪj,validate
ukr,511,пустий,pustɪj,validate
ukr,512,відкритий,vidkrɪtɪj,validate
ukr,513,закритий,zɑkrɪtɪj,validate
ukr,513,зачинений,zɑʈ͡ʂɪnɛnɪj,validate
ukr,514,чистий,ʈ͡ʂɪstɪj,validate
ukr,514,охайний,ɔxɑjnɪj,validate
ukr,515,брудний,brudnɪj,validate
ukr,516,сирий,sɪrɪj,validate
ukr,517,зрілий,zrʲilɪj,validate
ukr,518,смачний,smɑʈ͡ʂnɪj,validate
ukr,519,солодкий,sɔlɔdkɪj,validate
ukr,520,гіркий,ɦjirkɪj,validate
ukr,521,кислий,kɪslɪj,validate
ukr,522,світлий,svitlɪj,validate
ukr,523,темний,tɛmnɪj,validate
ukr,524,чорний,ʈ͡ʂɔrnɪj,validate
ukr,525,сивий,sɪwɪj,validate
ukr,526,червоний,ʈ͡ʂɛrwɔnɪj,validate
ukr,527,жовтий,ʐɔwtɪj,validate
ukr,528,синій,sɪnʲij,validate
ukr,529,зелений,zɛlɛnɪj,validate
ukr,530,сірий,sʲirɪj,validate
ukr,531,барвистий,bɑrwɪstɪj,validate
ukr,532,дешевий,dɛʂɛwɪj,validate
ukr,533,дорогий,dɔrɔɦɪj,validate
ukr,534,цінний,t͡sʲinːɪj,validate
ukr,535,сліпий,slʲipɪj,validate
ukr,536,глухий,ɦluxɪj,validate
ukr,537,могутній,mɔɦutnʲij,validate
ukr,538,сильний,sɪlʲnɪj,validate
ukr,539,слабкий,slɑbkɪj,validate
ukr,540,жирний,ʐɪrnɪj,validate
ukr,540,товстий,tɔwstɪj,validate
ukr,541,тонкий,tɔnkɪj,validate
ukr,541,стрункий,strunkɪj,validate
ukr,542,чарівний,ʈ͡ʂɑrʲiwnɪj,review
ukr,543,злий,zlɪj,validate
ukr,543,лихий,lɪxɪj,validate
ukr,544,дурний,durnɪj,validate
ukr,545,ледачий,lɛdɑʈ͡ʂɪj,validate
ukr,546,старанний,stɑrɑnːɪj,validate
ukr,547,скупий,skupɪj,validate
ukr,548,мудрий,mudrɪj,validate
ukr,548,розумний,rɔzumnɪj,validate
ukr,549,умілий,umilɪj,validate
ukr,550,милий,mɪlɪj,validate
ukr,551,веселий,wɛsɛlɪj,validate
ukr,552,лагідний,lɑɦjidnɪj,validate
ukr,553,голодний,ɦɔlɔdnɪj,validate
ukr,554,слабий,slɑbɪj,validate
ukr,555,голий,ɦɔlɪj,validate
ukr,556,сумний,sumnɪj,validate
ukr,557,живий,ʐɪwɪj,validate
ukr,558,добрий,dɔbrɪj,validate
ukr,559,поганий,pɔɦɑnɪj,validate
ukr,559,кепський,kɛpsʲkɪj,validate
ukr,560,правильний,prɑwɪlʲnɪj,validate
ukr,561,бридкий,brɪdkɪj,review
ukr,562,справжній,sprɑwʐnʲij,validate
ukr,563,старий,stɑrɪj,validate
ukr,564,новий,nɔwɪj,validate
ukr,565,колишній,kɔlɪʂnʲij,validate
ukr,566,старий,stɑrɪj,validate
ukr,567,молодий,mɔlɔdɪj,validate
ukr,568,бідний,bidnɪj,validate
ukr,569,багатий,bɑɦɑtɪj,validate
ukr,570,знайомий,znɑjɔmɪj,validate
ukr,571,славетний,slɑwɛtnɪj,validate
ukr,572,чужий,ʈ͡ʂuʐɪj,validate
ukr,573,різний,rʲiznɪj,validate
ukr,574,близький,blɪzʲkɪj,validate
ukr,575,далекий,dɑlɛkɪj,validate
ukr,576,лівий,lʲiwɪj,validate
ukr,577,правий,prɑwɪj,validate
ukr,578,інакший,jinɑkʂɪj,validate
ukr,579,перший,pɛrʂɪj,validate
ukr,580,другий,druɦɪj,validate
ukr,581,третій,trɛtʲij,validate
ukr,582,останній,ɔstɑnʲːij,validate
ukr,583,сам,sɑm,validate
ukr,583,один,ɔdɪn,validate
ukr,584,відразу,vidrɑzu,validate
ukr,585,разом,rɑzɔm,validate
ukr,585,спільно,spʲilʲnɔ,validate
ukr,586,довго,dɔwɦɔ,validate
ukr,587,раптом,rɑptɔm,validate
ukr,588,зараз,zɑrɑz,validate
ukr,589,пізніше,pʲiznʲiʂɛ,validate
ukr,590,тепер,tɛpɛr,validate
ukr,591,сьогодні,sʲɔɦɔdnʲi,validate
ukr,592,завтра,zɑwtrɑ,validate
ukr,593,незабаром,nɛzɑbɑrɔm,validate
ukr,594,потім,pɔtʲim,validate
ukr,595,вчора,wʈ͡ʂɔrɑ,validate
ukr,596,колись,kɔlɪsʲ,validate
ukr,597,тоді,tɔdʲi,validate
ukr,598,згодом,zɦɔdɔm,validate
ukr,599,раніше,rɑnʲiʂɛ,validate
ukr,600,спершу,spɛrʂu,validate
ukr,600,спочатку,spɔʈ͡ʂɑtku,validate
ukr,601,один раз,ɔdɪn rɑz,validate
ukr,602,іноді,jinɔdʲi,validate
ukr,602,інколи,jinkɔlɪ,validate
ukr,603,часто,ʈ͡ʂɑstɔ,validate
ukr,604,завжди,zɑwʐdɪ,validate
ukr,605,ніколи,nʲikɔlɪ,validate
ukr,606,тут,tut,validate
ukr,607,сюди,sʲudɪ,validate
ukr,608,звідси,zvidsɪ,validate
ukr,609,там,tɑm,validate
ukr,610,туди,tudɪ,validate
ukr,611,прямо,prʲɑmɔ,validate
ukr,612,вперед,wpɛrɛd,validate
ukr,613,назад,nɑzɑd,validate
ukr,614,назад,nɑzɑd,validate
ukr,615,внизу,wnɪzu,validate
ukr,616,вниз,wnɪz,validate
ukr,617,вгорі,wɦɔrʲi,validate
ukr,618,вгору,wɦɔru,validate
ukr,619,скрізь,skrʲizʲ,validate
ukr,620,не,nɛ,validate
ukr,621,трохи,trɔxɪ,validate
ukr,621,небагато,nɛbɑɦɑtɔ,validate
ukr,622,ледве,lɛdwɛ,validate
ukr,623,дуже,duʐɛ,validate
ukr,624,так,tɑk,validate
ukr,625,ще,ʂʈ͡ʂɛ,validate
ukr,626,лише,lɪʂɛ,validate
ukr,626,тільки,tʲilʲkɪ,validate
ukr,627,вже,wʐɛ,validate
ukr,628,знову,znɔwu,validate
ukr,629,дарма,dɑrmɑ,validate
ukr,630,перед,pɛrɛd,validate
ukr,631,ззаду,zːɑdu,validate
ukr,631,позаду,pɔzɑdu,validate
ukr,632,під,pʲid,validate
ukr,633,крізь,krʲizʲ,validate
ukr,634,біля,bilʲɑ,validate
ukr,635,між,miʐ,validate
ukr,636,з-за,zːɑ,validate
ukr,636,через,ʈ͡ʂɛrɛz,validate
ukr,637,це,t͡sɛ,validate
ukr,638,то,tɔ,validate
ukr,639,все,wsɛ,validate
ukr,640,я,jɑ,validate
ukr,641,ти,tɪ,validate
ukr,642,він,vin,validate
ukr,643,ми,mɪ,validate
ukr,644,ви,wɪ,validate
ukr,645,вони,wɔnɪ,validate
ukr,646,що,ʂʈ͡ʂɔ,validate
ukr,647,хто,xtɔ,validate
ukr,648,де,dɛ,validate
ukr,649,куди,kudɪ,validate
ukr,650,як,jɑk,validate
ukr,651,чому,ʈ͡ʂɔmu,validate
ukr,652,скільки,skilʲkɪ,validate
ukr,653,один,ɔdɪn,validate
ukr,654,два,dwɑ,validate
ukr,655,три,trɪ,validate
ukr,656,чотири,ʈ͡ʂɔtɪrɪ,validate
ukr,657,п’ять,pjɑtʲ,validate
ukr,658,шість,ʂjistʲ,validate
ukr,659,сім,sʲim,validate
ukr,660,вісім,visʲim,validate
ukr,661,дев’ять,dɛwjɑtʲ,validate
ukr,662,десять,dɛsʲɑtʲ,validate
ukr,663,одинадцять,ɔdɪnɑdt͡sʲɑtʲ,validate
ukr,664,дванадцять,dwɑnɑdt͡sʲɑtʲ,validate
ukr,665,двадцять,dwɑdt͡sʲɑtʲ,validate
ukr,666,тридцять,trɪdt͡sʲɑtʲ,validate
ukr,667,сорок,sɔrɔk,validate
ukr,668,п’ятдесят,pjɑddɛsʲɑt,validate
ukr,669,шістдесят,ʂjisddɛsʲɑt,validate
ukr,670,сімдесят,sʲimdɛsʲɑt,validate
ukr,671,вісімдесят,visʲimdɛsʲɑt,validate
ukr,672,дев’яносто,dɛwjɑnɔstɔ,validate
ukr,673,сто,stɔ,validate
ukr,674,тисяча,tɪsʲɑʈ͡ʂɑ,validate
ukr,675,і,ji,validate
ukr,676,або,ɑbɔ,validate
ukr,677,стояти,stɔjɑtɪ,validate
ukr,678,сидіти,sɪdʲitɪ,validate
ukr,679,лежати,lɛʐɑtɪ,validate
ukr,680,висіти,wɪsʲitɪ,validate
ukr,681,стати,stɑtɪ,validate
ukr,681,робитися,rɔbɪtɪsʲɑ,validate
ukr,682,трапитися,trɑpɪtɪsʲɑ,validate
ukr,683,початися,pɔʈ͡ʂɑtɪsʲɑ,validate
ukr,684,кінчитися,kinʈ͡ʂɪtɪsʲɑ,validate
ukr,685,мінятися,minʲɑtɪsʲɑ,validate
ukr,686,зійти,zʲijtɪ,validate
ukr,687,зайти,zɑjtɪ,validate
ukr,688,світити,svitɪtɪ,validate
ukr,689,гриміти,ɦrɪmitɪ,validate
ukr,690,віяти,vijɑtɪ,validate
ukr,691,литися,lɪtɪsʲɑ,validate
ukr,692,текти,tɛktɪ,validate
ukr,693,обертатися,ɔbɛrtɑtɪsʲɑ,validate
ukr,694,коливатися,kɔlɪwɑtɪsʲɑ,review
ukr,695,хитатися,xɪtɑtɪsʲɑ,review
ukr,695,гойдатися,ɦɔjdɑtɪsʲɑ,review
ukr,696,падати,pɑdɑtɪ,validate
ukr,697,горіти,ɦɔrʲitɪ,validate
ukr,698,диміти,dɪmitɪ,validate
ukr,699,дощити,dɔʂʈ͡ʂɪtɪ,validate
ukr,700,змерзнути,zmɛrznutɪ,validate
ukr,701,танути,tɑnutɪ,validate
ukr,702,плавитися,plɑwɪtɪsʲɑ,validate
ukr,703,сохнути,sɔxnutɪ,validate
ukr,704,кипіти,kɪpʲitɪ,validate
ukr,705,гнити,ɦnɪtɪ,validate
ukr,706,згнити,zɦnɪtɪ,validate
ukr,707,рватися,rwɑtɪsʲɑ,validate
ukr,708,тонути,tɔnutɪ,validate
ukr,709,проходити,prɔxɔdɪtɪ,validate
ukr,710,з’явитися,zjɑwɪtɪsʲɑ,validate
ukr,711,щезнути,ʂʈ͡ʂɛznutɪ,validate
ukr,711,зникнути,znɪknutɪ,validate
ukr,712,спадати,spɑdɑtɪ,validate
ukr,713,поменшитися,pɔmɛnʂɪtɪsʲɑ,validate
ukr,714,збільшуватися,zbilʲʂuwɑtɪsʲɑ,validate
ukr,715,підніматися,pʲidnʲimɑtɪsʲɑ,validate
ukr,716,рости,rɔstɪ,validate
ukr,717,блищати,blɪʂʈ͡ʂɑtɪ,validate
ukr,718,блискати,blɪskɑtɪ,validate
ukr,719,шуміти,ʂumitɪ,validate
ukr,720,дзвонити,d͡zwɔnɪtɪ,validate
ukr,721,дзвонити,d͡zwɔnɪtɪ,review
ukr,722,дзвякати,d͡zvɑkɑtɪ,review
ukr,723,бушувати,buʂuwɑtɪ,validate
ukr,724,шелестіти,ʂɛlɛstʲitɪ,validate
ukr,725,лунати,lunɑtɪ,review
ukr,725,звучати,zwuʈ͡ʂɑtɪ,review
ukr,726,гавкати,ɦɑwkɑtɪ,validate
ukr,727,вити,wɪtɪ,validate
ukr,728,дунути,dunutɪ,validate
ukr,729,свистіти,swɪstʲitɪ,validate
ukr,730,кричати,krɪʈ͡ʂɑtɪ,validate
ukr,731,стогнати,stɔɦnɑtɪ,validate
ukr,732,тремтіти,trɛmtʲitɪ,validate
ukr,733,жити,ʐɪtɪ,validate
ukr,734,народитися,nɑrɔdɪtɪsʲɑ,validate
ukr,735,дихати,dɪxɑtɪ,validate
ukr,736,пити,pɪtɪ,validate
ukr,737,їсти,jistɪ,validate
ukr,738,ковтати,kɔwtɑtɪ,validate
ukr,739,втомитися,wtɔmɪtɪsʲɑ,validate
ukr,740,заснути,zɑsnutɪ,validate
ukr,741,спати,spɑtɪ,validate
ukr,742,прокинутися,prɔkɪnutɪsʲɑ,validate
ukr,743,встати,wstɑtɪ,validate
ukr,744,відпочивати,vidpɔʈ͡ʂɪwɑtɪ,validate
ukr,745,захворіти,zɑxwɔrʲitɪ,validate
ukr,746,хворіти,xwɔrʲitɪ,validate
ukr,747,боліти,bɔlʲitɪ,validate
ukr,748,кашляти,kɑʂlʲɑtɪ,validate
ukr,749,одужати,ɔduʐɑtɪ,validate
ukr,749,видужати,wɪduʐɑtɪ,validate
ukr,750,померти,pɔmɛrtɪ,validate
ukr,751,згинути,zɦɪnutɪ,validate
ukr,752,рухатися,ruxɑtɪsʲɑ,validate
ukr,753,ворушитися,wɔruʂɪtɪsʲɑ,validate
ukr,754,встати,wstɑtɪ,validate
ukr,755,сісти,sʲistɪ,validate
ukr,756,упасти,upɑstɪ,validate
ukr,757,ходити,xɔdɪtɪ,validate
ukr,758,крокувати,krɔkuwɑtɪ,validate
ukr,759,гуляти,ɦulʲɑtɪ,validate
ukr,760,спішити,spʲiʂɪtɪ,validate
ukr,761,поспішати,pɔspʲiʂɑtɪ,validate
ukr,762,мчатися,mʈ͡ʂɑtɪsʲɑ,validate
ukr,763,бігати,biɦɑtɪ,validate
ukr,764,скакати,skɑkɑtɪ,validate
ukr,764,стрибати,strɪbɑtɪ,validate
ukr,765,лазити,lɑzɪtɪ,validate
ukr,766,гойдатися,ɦɔjdɑtɪsʲɑ,review
ukr,767,повзати,pɔwzɑtɪ,validate
ukr,768,пливти,plɪwtɪ,validate
ukr,768,плавати,plɑwɑtɪ,validate
ukr,769,пірнати,pʲirnɑtɪ,validate
ukr,770,гребти,ɦrɛbtɪ,validate
ukr,770,веслувати,wɛsluwɑtɪ,validate
ukr,771,їхати,jixɑtɪ,validate
ukr,772,літати,lʲitɑtɪ,validate
ukr,773,іти,jitɪ,validate
ukr,774,піти,pʲitɪ,validate
ukr,775,від’їхати,vidjixɑtɪ,validate
ukr,775,відправитися,vidprɑwɪtɪsʲɑ,validate
ukr,776,зупинитися,zupɪnɪtɪsʲɑ,validate
ukr,777,входити,wxɔdɪtɪ,validate
ukr,778,увійти,uvijtɪ,validate
ukr,779,прийти,prɪjtɪ,validate
ukr,780,прибути,prɪbutɪ,validate
ukr,781,повернутися,pɔwɛrnutɪsʲɑ,validate
ukr,782,залишитися,zɑlɪʂɪtɪsʲɑ,validate
ukr,783,чекати,ʈ͡ʂɛkɑtɪ,review
ukr,784,чекати,ʈ͡ʂɛkɑtɪ,validate
ukr,785,шукати,ʂukɑtɪ,validate
ukr,786,знайти,znɑjtɪ,validate
ukr,787,випробовувати,wɪprɔbɔwuwɑtɪ,validate
ukr,788,підготувати,pʲidɦɔtuwɑtɪ,validate
ukr,789,любити,lʲubɪtɪ,validate
ukr,790,любити,lʲubɪtɪ,validate
ukr,790,подобатися,pɔdɔbɑtɪsʲɑ,validate
ukr,791,сміятися,smijɑtɪsʲɑ,validate
ukr,792,розчулити,rɔzʈ͡ʂulɪtɪ,validate
ukr,793,плакати,plɑkɑtɪ,validate
ukr,794,лаятися,lɑjɑtɪsʲɑ,validate
ukr,795,сердитися,sɛrdɪtɪsʲɑ,validate
ukr,796,боятися,bɔjɑtɪsʲɑ,validate
ukr,797,боятися,bɔjɑtɪsʲɑ,validate
ukr,798,тікати,tʲikɑtɪ,validate
ukr,799,утекти,utɛktɪ,validate
ukr,800,бачити,bɑʈ͡ʂɪtɪ,validate
ukr,801,поглянути,pɔɦlʲɑnutɪ,validate
ukr,802,дивитися на,dɪwɪtɪsʲɑ nɑ,validate
ukr,803,чути,ʈ͡ʂutɪ,validate
ukr,804,слухати,sluxɑtɪ,validate
ukr,805,покуштувати,pɔkuʂtuwɑtɪ,validate
ukr,806,нюхати,nʲuxɑtɪ,review
ukr,807,відчувати,vidʈ͡ʂuwɑtɪ,validate
ukr,808,здаватися,zdɑwɑtɪsʲɑ,validate
ukr,809,виднітися,wɪdnʲitɪsʲɑ,validate
ukr,810,почути,pɔʈ͡ʂutɪ,validate
ukr,811,мерзнути,mɛrznutɪ,validate
ukr,812,робити,rɔbɪtɪ,validate
ukr,813,могти,mɔɦtɪ,validate
ukr,814,хотіти,xɔtʲitɪ,validate
ukr,815,почати,pɔʈ͡ʂɑtɪ,validate
ukr,816,закінчити,zɑkinʈ͡ʂɪtɪ,validate
ukr,817,перестати,pɛrɛstɑtɪ,validate
ukr,818,вдатися,wdɑtɪsʲɑ,validate
ukr,819,опинитися,ɔpɪnɪtɪsʲɑ,review
ukr,820,відкрити,vidkrɪtɪ,validate
ukr,821,закрити,zɑkrɪtɪ,validate
ukr,822,поставити,pɔstɑwɪtɪ,validate
ukr,823,посадити,pɔsɑdɪtɪ,validate
ukr,824,класти,klɑstɪ,validate
ukr,825,чіпати,ʈ͡ʂjipɑtɪ,validate
ukr,826,зв’язати,zwjɑzɑtɪ,validate
ukr,827,покрити,pɔkrɪtɪ,validate
ukr,828,повісити,pɔvisɪtɪ,validate
ukr,829,запалити,zɑpɑlɪtɪ,validate
ukr,830,підняти,pʲidnʲɑtɪ,validate
ukr,831,залишити,zɑlɪʂɪtɪ,validate
ukr,832,загубити,zɑɦubɪtɪ,validate
ukr,833,упустити,upustɪtɪ,validate
ukr,834,зробити,zrɔbɪtɪ,validate
ukr,835,виготовити,wɪɦɔtɔwɪtɪ,validate
ukr,836,будувати,buduwɑtɪ,validate
ukr,837,лагодити,lɑɦɔdɪtɪ,validate
ukr,838,поліпшити,pɔlʲipʂɪtɪ,validate
ukr,839,змінити,zminɪtɪ,validate
ukr,840,копати,kɔpɑtɪ,validate
ukr,841,зігнути,zʲiɦnutɪ,validate
ukr,842,погнути,pɔɦnutɪ,validate
ukr,843,вертіти,wɛrtʲitɪ,validate
ukr,844,повернути,pɔwɛrnutɪ,validate
ukr,845,перевернути,pɛrɛwɛrnutɪ,validate
ukr,846,піднімати,pʲidnʲimɑtɪ,validate
ukr,847,підняти,pʲidnʲɑtɪ,validate
ukr,848,схопити,sxɔpɪtɪ,validate
ukr,849,тримати,trɪmɑtɪ,validate
ukr,850,натискати,nɑtɪskɑtɪ,validate
ukr,851,пхати,pxɑtɪ,validate
ukr,851,штовхати,ʂtɔwxɑtɪ,validate
ukr,852,шкребти,ʂkrɛbtɪ,validate
ukr,853,лизати,lɪzɑtɪ,validate
ukr,854,кусати,kusɑtɪ,validate
ukr,855,відірвати,vidʲirwɑtɪ,validate
ukr,856,відрізати,vidrʲizɑtɪ,validate
ukr,857,в’язати,wjɑzɑtɪ,validate
ukr,858,увіткнути,uvitknutɪ,validate
ukr,859,зламати,zlɑmɑtɪ,validate
ukr,860,стукати,stukɑtɪ,validate
ukr,861,бити,bɪtɪ,validate
ukr,862,клеїти,klɛjitɪ,validate
ukr,863,терти,tɛrtɪ,validate
ukr,864,намазати,nɑmɑzɑtɪ,validate
ukr,865,точити,tɔʈ͡ʂɪtɪ,validate
ukr,866,різати,rʲizɑtɪ,validate
ukr,867,хитати,xɪtɑtɪ,validate
ukr,868,трясти,trʲɑstɪ,validate
ukr,869,махати,mɑxɑtɪ,validate
ukr,870,налити,nɑlɪtɪ,validate
ukr,871,наповнити,nɑpɔwnɪtɪ,validate
ukr,872,загорнути,zɑɦɔrnutɪ,validate
ukr,873,нести,nɛstɪ,validate
ukr,874,тягти,tʲɑɦtɪ,validate
ukr,875,тягнути,tʲɑɦnutɪ,validate
ukr,876,зберігати,zbɛrʲiɦɑtɪ,validate
ukr,877,кидати,kɪdɑtɪ,validate
ukr,878,ловити,lɔwɪtɪ,validate
ukr,879,схопити,sxɔpɪtɪ,validate
ukr,880,сховати,sxɔwɑtɪ,validate
ukr,881,розділити,rɔzdʲilɪtɪ,validate
ukr,882,посилати,pɔsɪlɑtɪ,validate
ukr,883,принести,prɪnɛstɪ,validate
ukr,884,додати,dɔdɑtɪ,validate
ukr,885,дістати,dʲistɑtɪ,validate
ukr,886,одержати,ɔdɛrʐɑtɪ,validate
ukr,887,взяти,wzʲɑtɪ,validate
ukr,888,вибрати,wɪbrɑtɪ,validate
ukr,889,відібрати,vidʲibrɑtɪ,validate
ukr,890,зберегти,zbɛrɛɦtɪ,validate
ukr,891,перешкоджати,pɛrɛʂkɔɖ͡ʐɑtɪ,validate
ukr,892,зіпсувати,zʲipsuwɑtɪ,validate
ukr,893,зашкодити,zɑʂkɔdɪtɪ,validate
ukr,894,розбити,rɔzbɪtɪ,validate
ukr,895,розірвати,rɔzʲirwɑtɪ,validate
ukr,896,зруйнувати,zrujnuwɑtɪ,validate
ukr,897,спалити,spɑlɪtɪ,validate
ukr,898,дати,dɑtɪ,validate
ukr,899,передати,pɛrɛdɑtɪ,validate
ukr,900,дарувати,dɑruwɑtɪ,validate
ukr,901,обіцяти,ɔbit͡sʲɑtɪ,validate
ukr,902,бажати,bɑʐɑtɪ,review
ukr,903,хвалити,xwɑlɪtɪ,validate
ukr,904,цілувати,t͡sʲiluwɑtɪ,validate
ukr,905,качати,kɑʈ͡ʂɑtɪ,review
ukr,906,накрити,nɑkrɪtɪ,validate
ukr,907,розбудити,rɔzbudɪtɪ,validate
ukr,908,показати,pɔkɑzɑtɪ,validate
ukr,909,вести,wɛstɪ,validate
ukr,910,вчити,wʈ͡ʂɪtɪ,validate
ukr,911,викладати,wɪklɑdɑtɪ,validate
ukr,912,виховати,wɪxɔwɑtɪ,validate
ukr,913,керувати,kɛruwɑtɪ,validate
ukr,914,підганяти,pʲidɦɑnʲɑtɪ,validate
ukr,915,змусити,zmusɪtɪ,validate
ukr,916,запросити,zɑprɔsɪtɪ,validate
ukr,917,об’єднати,ɔbjɛdnɑtɪ,validate
ukr,918,завітати,zɑvitɑtɪ,validate
ukr,918,відвідати,vidvidɑtɪ,validate
ukr,919,зустріти,zustrʲitɪ,validate
ukr,920,зібратися,zʲibrɑtɪsʲɑ,validate
ukr,921,грати,ɦrɑtɪ,validate
ukr,922,співати,spʲiwɑtɪ,validate
ukr,923,танцювати,tɑnt͡sʲuwɑtɪ,validate
ukr,924,розлучитися,rɔzluʈ͡ʂɪtɪsʲɑ,validate
ukr,925,покинути,pɔkɪnutɪ,validate
ukr,926,врятувати,wrʲɑtuwɑtɪ,validate
ukr,927,охороняти,ɔxɔrɔnʲɑtɪ,validate
ukr,928,уберігати,ubɛrʲiɦɑtɪ,validate
ukr,929,захистити,zɑxɪstɪtɪ,validate
ukr,930,битися,bɪtɪsʲɑ,validate
ukr,930,дратися,drɑtɪsʲɑ,validate
ukr,931,стріляти,strʲilʲɑtɪ,validate
ukr,932,перемогти,pɛrɛmɔɦtɪ,validate
ukr,933,сердити,sɛrdɪtɪ,validate
ukr,934,ударити,udɑrɪtɪ,validate
ukr,935,штовхати,ʂtɔwxɑtɪ,review
ukr,936,вколоти,wkɔlɔtɪ,validate
ukr,937,штовхнути,ʂtɔwxnutɪ,validate
ukr,938,украсти,ukrɑstɪ,validate
ukr,939,перешкодити,pɛrɛʂkɔdɪtɪ,validate
ukr,940,докучати,dɔkuʈ͡ʂɑtɪ,validate
ukr,941,сховати,sxɔwɑtɪ,validate
ukr,942,обдурити,ɔbdurɪtɪ,validate
ukr,943,зшахраювати,ʂːɑxrɑjuwɑtɪ,review
ukr,944,убити,ubɪtɪ,validate
ukr,945,жити,ʐɪtɪ,validate
ukr,945,мешкати,mɛʂkɑtɪ,validate
ukr,946,працювати,prɑt͡sʲuwɑtɪ,validate
ukr,947,зібрати,zʲibrɑtɪ,validate
ukr,948,зривати,zrɪwɑtɪ,validate
ukr,949,полювати,pɔlʲuwɑtɪ,validate
ukr,950,рибалити,rɪbɑlɪtɪ,validate
ukr,951,піймати,pʲijmɑtɪ,validate
ukr,952,пасти,pɑstɪ,validate
ukr,953,гнати,ɦnɑtɪ,validate
ukr,954,прив’язати,prɪwjɑzɑtɪ,validate
ukr,955,годувати,ɦɔduwɑtɪ,validate
ukr,955,харчувати,xɑrʈ͡ʂuwɑtɪ,validate
ukr,956,доїти,dɔjitɪ,validate
ukr,957,рубати,rubɑtɪ,validate
ukr,958,полити,pɔlɪtɪ,validate
ukr,959,дозріти,dɔzrʲitɪ,validate
ukr,960,зготовити,zɦɔtɔwɪtɪ,validate
ukr,960,приготувати,prɪɦɔtuwɑtɪ,validate
ukr,961,варити,wɑrɪtɪ,validate
ukr,961,готувати,ɦɔtuwɑtɪ,validate
ukr,962,пекти,pɛktɪ,validate
ukr,963,смажити,smɑʐɪtɪ,validate
ukr,964,переміщати,pɛrɛmiʂʈ͡ʂɑtɪ,validate
ukr,965,в’язати,wjɑzɑtɪ,validate
ukr,966,шити,ʂɪtɪ,validate
ukr,967,пофарбувати,pɔfɑrbuwɑtɪ,validate
ukr,968,очистити,ɔʈ͡ʂɪstɪtɪ,validate
ukr,969,мити,mɪtɪ,validate
ukr,970,витерти,wɪtɛrtɪ,validate
ukr,971,полоскати,pɔlɔskɑtɪ,validate
ukr,972,підмітати,pʲidmitɑtɪ,validate
ukr,973,мести,mɛstɪ,validate
ukr,974,купатися,kupɑtɪsʲɑ,validate
ukr,975,митися,mɪtɪsʲɑ,validate
ukr,976,зняти,znʲɑtɪ,validate
ukr,977,надіти,nɑdʲitɪ,validate
ukr,978,одягтися,ɔdʲɑɦtɪsʲɑ,validate
ukr,978,одягнутися,ɔdʲɑɦnutɪsʲɑ,validate
ukr,979,зачесати,zɑʈ͡ʂɛsɑtɪ,validate
ukr,980,оздобити,ɔzdɔbɪtɪ,validate
ukr,981,сказати,skɑzɑtɪ,validate
ukr,982,говорити,ɦɔwɔrɪtɪ,validate
ukr,983,розмовляти,rɔzmɔwlʲɑtɪ,validate
ukr,984,бесідувати,bɛsʲiduwɑtɪ,validate
ukr,985,запитати,zɑpɪtɑtɪ,validate
ukr,986,просити,prɔsɪtɪ,validate
ukr,987,розповісти,rɔzpɔvistɪ,validate
ukr,988,повідомити,pɔvidɔmɪtɪ,validate
ukr,989,назвати,nɑzwɑtɪ,validate
ukr,990,кликати,klɪkɑtɪ,validate
ukr,991,хвалитися,xwɑlɪtɪsʲɑ,validate
ukr,992,перекласти,pɛrɛklɑstɪ,validate
ukr,993,думати,dumɑtɪ,validate
ukr,993,мислити,mɪslɪtɪ,validate
ukr,994,вірити,virɪtɪ,validate
ukr,995,помітити,pɔmitɪtɪ,validate
ukr,996,пізнати,pʲiznɑtɪ,validate
ukr,997,осягнути,ɔsʲɑɦnutɪ,validate
ukr,998,почути,pɔʈ͡ʂutɪ,validate
ukr,999,навчатися,nɑwʈ͡ʂɑtɪsʲɑ,validate
ukr,1000,знати,znɑtɪ,validate
ukr,1001,пам’ятати,pɑmjɑtɑtɪ,validate
ukr,1002,забути,zɑbutɪ,validate
ukr,1003,міряти,mirʲɑtɪ,validate
ukr,1004,лічити,lʲiʈ͡ʂɪtɪ,validate
ukr,1005,рахувати,rɑxuwɑtɪ,validate
ukr,1006,читати,ʈ͡ʂɪtɑtɪ,validate
ukr,1007,малювати,mɑlʲuwɑtɪ,validate
ukr,1008,рисувати,rɪsuwɑtɪ,validate
ukr,1009,писати,pɪsɑtɪ,validate
ukr,1010,мати,mɑtɪ,review
ukr,1011,купити,kupɪtɪ,validate
ukr,1012,продати,prɔdɑtɪ,validate
ukr,1013,заплатити,zɑplɑtɪtɪ,validate
ukr,1014,платити,plɑtɪtɪ,review
ukr,1015,володіти,wɔlɔdʲitɪ,validate
ukr,1016,витерпіти,wɪtɛrpʲitɪ,validate
